USE bookstore;

SET FOREIGN_KEY_CHECKS = 0;

INSERT INTO User (UserID, Email, UserPassword, Name, Address, PhoneNumber, AccountNumber, Role)
VALUES (1, 'thaitangluc2412@gmail.com', '1234', 'Thai Luc', 'Cam Lo, Quang Tri', '06873496874', '037486164967', 'Admin'),
       (2, 'manhviet@gmail.com', '1234', 'Manh Viet', 'Cam Lo, Quang Tri', '06873496874', '037486164967', 'Customer'),
       (3, 'xuantuan@gmail.com', '1234', 'Xuan Tuan 1', 'Cam Lo, Quang Tri', '06873496874', '037486164967', 'Author'),
       (4, 'trungnguyen@gmail.com', '1234', 'Trung Nguyen', 'Cam Lo, Quang Tri', '06873496874', '037486164967', 'Admin'),
       (5, 'nguyenvu@gmail.com', '1234', 'Nguyen Vu', 'Cam Lo, Quang Tri', '06873496874', '037486164967', 'Customer'),
       (6, 'tacgia1@gmail.com', '1234', 'Xuan Tuan 2', 'Cam Lo, Quang Tri', '06873496874', '037486164967', 'Author'),
       (7, 'tacgia2@gmail.com', '1234', 'Xuan Tuan 3', 'Cam Lo, Quang Tri', '06873496874', '037486164967', 'Author');


INSERT INTO Category (CategoryID, Name)
VALUES (1, 'Truyen Cuoi'),
       (2, 'Truyen Ma'),
       (3, 'Truyen Kinh Di'),
       (4, 'Truyen Co Tinh'),
       (5, 'Truyen tinh cam');

INSERT INTO `Order` (OrderID, UserID, OrderDate, TotalPrice, Status, ShippingAddress, RecipientName, RecipientPhone)
VALUES (1, 2, '2021-12-5', 50000.00, 'Arrived', 'Cam Lo, Quang tri', 'Thai Tang Luc', '067761634988'),
       (2, 2, '2021-12-5', 50000.00, 'Arrived', 'Cam Lo, Quang tri', 'Thai Tang Luc', '067761634988'),
       (3, 5, '2021-12-5', 50000.00, 'Arrived', 'Cam Lo, Quang tri', 'Thai Tang Luc', '067761634988'),
       (4, 2, '2021-12-5', 50000.00, 'Arrived', 'Cam Lo, Quang tri', 'Thai Tang Luc', '067761634988'),
       (5, 5, '2021-12-5', 50000.00, 'Arrived', 'Cam Lo, Quang tri', 'Thai Tang Luc', '067761634988'),
       (6, 2, '2021-12-5', 50000.00, 'Arrived', 'Cam Lo, Quang tri', 'Thai Tang Luc', '067761634988'),
       (7, 5, '2021-12-5', 50000.00, 'Arrived', 'Cam Lo, Quang tri', 'Thai Tang Luc', '067761634988'),
       (8, 2, '2021-12-5', 50000.00, 'Arrived', 'Cam Lo, Quang tri', 'Thai Tang Luc', '067761634988'),
       (9, 2, '2021-12-5', 50000.00, 'Arrived', 'Cam Lo, Quang tri', 'Thai Tang Luc', '067761634988'),
       (10, 5, '2021-12-5', 50000.00, 'Arrived', 'Cam Lo, Quang tri', 'Thai Tang Luc', '067761634988'),
       (11, 5, '2021-12-5', 50000.00, 'Arrived', 'Cam Lo, Quang tri', 'Thai Tang Luc', '067761634988');

INSERT INTO BookUser (BookId, UserId)
VALUES (1, 3),
       (1, 6),
       (2, 7),
       (2, 3),
       (2, 6),
       (3, 6),
       (4, 3),
       (4, 7),
       (5, 7),
       (6, 3),
       (7, 6),
       (7, 3),
       (8, 6),
       (8, 7),
       (9, 3),
       (10, 7),
       (11, 3),
       (12, 6),
       (13, 7),
       (14, 7);

INSERT INTO OrderDetail (OrderId, BookId, Quantity)
VALUES (1, 1, 3),
       (1, 2, 1),
       (1, 5, 2),
       (2, 4, 3),
       (2, 5, 2),
       (3, 1, 5),
       (3, 6, 4),
       (3, 5, 5),
       (3, 10, 2),
       (4, 6, 3),
       (4, 12, 5),
       (4, 14, 5),
       (5, 4, 4),
       (6, 9, 2),
       (7, 10, 9),
       (7, 5, 8),
       (8, 6, 1),
       (8, 5, 1),
       (8, 2, 1),
       (9, 1, 3),
       (9, 5, 2),
       (10, 1, 3),
       (10, 5, 2),
       (11, 8, 7);

INSERT INTO Review(ReviewId, BookId, UserId, Comment, Rating, ReviewDate)
VALUES (1, 1, 2, 'Truyen hay', 4, '2020-12-15'),
       (2, 1, 5, 'Truyen hay', 4, '2020-12-15'),
       (3, 2, 2, 'Truyen hay', 4, '2020-12-15'),
       (4, 2, 5, 'Truyen hay', 4, '2020-12-15'),
       (5, 3, 2, 'Truyen hay', 4, '2020-12-15'),
       (6, 3, 5, 'Truyen hay', 4, '2020-12-15'),
       (7, 4, 2, 'Truyen hay', 4, '2020-12-15'),
       (8, 4, 5, 'Truyen hay', 4, '2020-12-15'),
       (9, 5, 2, 'Truyen hay', 4, '2020-12-15'),
       (10, 5, 5, 'Truyen hay', 4, '2020-12-15'),
       (11, 6, 2, 'Truyen hay', 4, '2020-12-15'),
       (12, 6, 5, 'Truyen hay', 4, '2020-12-15'),
       (14, 7, 5, 'Truyen hay', 4, '2020-12-15'),
       (13, 7, 2, 'Truyen hay', 4, '2020-12-15'),
       (15, 8, 2, 'Truyen hay', 4, '2020-12-15'),
       (16, 8, 5, 'Truyen hay', 4, '2020-12-15'),
       (17, 9, 2, 'Truyen hay', 4, '2020-12-15'),
       (18, 9, 5, 'Truyen hay', 4, '2020-12-15');

INSERT INTO bookstore.book (BookID, CategoryID, Title, Description, Rating, Image, Price, PublishDate, Quantity)
VALUES (1, 1, 'Great World Writers Twentieth Century - Patrick M.O''neil', 'Captains warp with mankind at the evil homeworld!', 5, '//bizweb.dktcdn.net/thumb/large/100/282/917/products/z2881714372397-6e76a1433ffec29c5d8cc256df7c7c05.jpg?v=1635741227000', 240000, '2001-05-27', 11),
       (2, 5, 'Charming Classics 6 Books Collection: Alice In Wonderland, The Wizard of Oz, A Little Princess, The Secret Garden, & Anne of Green Gables, (Includes one Bracelet with four Charms) by', 'Countless coordinates will be lost in beauties like devastations in minds', 5, '//bizweb.dktcdn.net/thumb/large/100/282/917/products/9780062879783-charming-classic-with-bracelet-6-books-600x600.jpg?v=1635742344000', 980000, '2020-06-03', 20),
       (3, 1, '50 Ways to Draw Your Beautiful, Ordinary Life: Practical Lessons in Pencil and Paper (Flow) by', 'Countless coordinates will be lost in beauties like devastations in minds', 2, '//bizweb.dktcdn.net/thumb/large/100/282/917/products/9781523501151.jpg?v=1634361107000', 580000, '2007-10-10', 20),
       (4, 3, 'Tiny Habits: The Small Changes That Change Everything by BJ Fogg Ph.D', 'Countless coordinates will be lost in beauties like devastations in minds', 4, '//bizweb.dktcdn.net/thumb/large/100/282/917/products/9780358003328.jpg?v=1634361674000', 490000, '2000-04-05', 15),
       (5, 1, 'Ninth House by Leigh Bardugo', 'Countless coordinates will be lost in beauties like devastations in minds', 3, '//bizweb.dktcdn.net/thumb/large/100/282/917/products/9781250313072-4cda6be8-dcfd-40e1-9d6b-e04383579cb4.jpg?v=1634361795000', 580000, '2006-02-15', 3),
       (6, 5, 'Shopgirl: A Novella by Steve Martin', '
Light desires when you grasp with career.', 3, '//bizweb.dktcdn.net/thumb/large/100/282/917/products/9781401308278.jpg?v=1634361936000', 220000, '2020-08-01', 13),
       (7, 5, 'The Beach by', 'Countless coordinates will be lost in beauties like devastations in minds', 5, '//bizweb.dktcdn.net/thumb/large/100/282/917/products/9781573226523.jpg?v=1634363227000', 280000, '2000-06-01', 3),
       (8, 4, 'The Lucky One Nicholas Sparks', 'If you shine or balance with a spiritual joy, manifestation respects you.', 5, '//bizweb.dktcdn.net/thumb/large/100/282/917/products/9781455508969-c46b7072-6442-453d-9ba5-fbc0dc95d74c.jpg?v=1626149766000', 260000, '2012-09-29', 19),
       (9, 4, 'The Writer''s Practice: Building Confidence in Your Nonfiction Writing by John Warner', 'Countless coordinates will be lost in beauties like devastations in minds', 4, '//bizweb.dktcdn.net/thumb/large/100/282/917/products/9780143133155.jpg?v=1625161176000', 280000, '2019-04-09', 11),
       (10, 2, 'The World Until Yesterday: What Can We Learn from Traditional Societies?  by Jared Diamond', 'All the pathways grab gravimetric, united mermaids.', 5, '//bizweb.dktcdn.net/thumb/large/100/282/917/products/9780143124405-83480547-0a37-4e63-980b-bd614211162b.jpg?v=1626149919000', 360000, '2005-08-27', 20),
       (11, 4, 'The World Without Us by', '
Light desires when you grasp with career.', 4, '//bizweb.dktcdn.net/thumb/large/100/282/917/products/9780312427900.jpg?v=1626150191000', 320000, '2013-05-21', 18),
       (12, 2, 'World History 101: From Ancient Mesopotamia and the Viking Conquests to NATO and WikiLeaks, An Essential Primer on World History (Adams 101) by', 'Est germanus tabes, cesaris.', 4, '//bizweb.dktcdn.net/thumb/large/100/282/917/products/9781507204542.jpg?v=1626150401000', 320000, '2007-12-11', 3),
       (13, 2, 'Willpower: Rediscovering the Greatest Human Strength by Roy F. Baumeister and John Tierney', 'All the pathways grab gravimetric, united mermaids.', 4, '//bizweb.dktcdn.net/thumb/large/100/282/917/products/9780143122234-2735b721-e920-4dc1-b6f7-ecb72d792612.jpg?v=1626150678000', 320000, '2020-02-05', 6),
       (14, 3, 'Why I''m No Longer Talking to White People About Race by', 'Est germanus tabes, cesaris.', 2, '//bizweb.dktcdn.net/thumb/large/100/282/917/products/9781635572957.jpg?v=1626150802000', 290000, '2009-07-30', 17),
       (15, 3, 'White Noise by Don DeLillo', 'Countless coordinates will be lost in beauties like devastations in minds', 2, '//bizweb.dktcdn.net/thumb/large/100/282/917/products/9780140274981.jpg?v=1626151016000', 340000, '2013-04-11', 19),
       (16, 2, 'When You Kant Figure It Out, Ask a Philosopher by', 'Est germanus tabes, cesaris.', 4, '//bizweb.dktcdn.net/thumb/large/100/282/917/products/9780316492522.jpg?v=1626151125000', 290000, '2008-09-15', 9),
       (17, 2, 'Walking in This World by', 'Est germanus tabes, cesaris.', 2, '//bizweb.dktcdn.net/thumb/large/100/282/917/products/9781585422616.jpg?v=1626151294000', 380000, '2002-07-27', 12),
       (18, 4, 'Waiting for the Barbarians: A Novel (Penguin Ink) (The Penguin Ink Series) by J. M. Coetzee', '
Light desires when you grasp with career.', 2, '//bizweb.dktcdn.net/thumb/large/100/282/917/products/9780143116929.jpg?v=1626151419000', 260000, '2020-04-19', 6),
       (19, 4, 'The Valkyries by', '
Light desires when you grasp with career.', 3, '//bizweb.dktcdn.net/thumb/large/100/282/917/products/9780062513342.jpg?v=1626151740000', 240000, '2020-09-20', 10),
       (20, 4, 'Upheaval: Turning Points for Nations in Crisis by', 'Spinach tastes best with olive oil and lots of green curry.', 5, '//bizweb.dktcdn.net/thumb/large/100/282/917/products/9780316409148.jpg?v=1626152085000', 460000, '2006-05-03', 20),
       (21, 2, 'Type Talk at Work (Revised and Updated) by', 'Est germanus tabes, cesaris.', 4, '//bizweb.dktcdn.net/thumb/large/100/282/917/products/9780440509288.jpg?v=1626152368000', 350000, '2018-12-31', 13),
       (22, 2, 'The Tree by', 'Spinach tastes best with olive oil and lots of green curry.', 5, '//bizweb.dktcdn.net/thumb/large/100/282/917/products/9780061997778.jpg?v=1626152676000', 240000, '2008-05-23', 15),
       (23, 3, 'A Tokyo Romance: A Memoir by', '
Light desires when you grasp with career.', 4, '//bizweb.dktcdn.net/thumb/large/100/282/917/products/9781101981436.jpg?v=1626152812000', 280000, '2003-03-28', 18),
       (24, 4, 'The Third Chimpanzee: The Evolution and Future of the Human Animal by', 'If you shine or balance with a spiritual joy, manifestation respects you.', 5, '//bizweb.dktcdn.net/thumb/large/100/282/917/products/9780060845506.jpg?v=1626153075000', 330000, '2018-03-02', 6),
       (25, 4, 'Tea: History, Terroirs, Varieties (Third Edition) by', 'If you shine or balance with a spiritual joy, manifestation respects you.', 3, '//bizweb.dktcdn.net/thumb/large/100/282/917/products/9780228100270.jpg?v=1626153182000', 480000, '2008-10-10', 1),
       (26, 4, 'Tell the Wolves I''m Home by Carol Rifka Brunt', 'Countless coordinates will be lost in beauties like devastations in minds', 5, '//bizweb.dktcdn.net/thumb/large/100/282/917/products/9781447202141.jpg?v=1626153283000', 260000, '2012-06-13', 19),
       (27, 4, 'Swing Time by', 'If you shine or balance with a spiritual joy, manifestation respects you.', 3, '//bizweb.dktcdn.net/thumb/large/100/282/917/products/9780143111641.jpg?v=1626153399000', 290000, '2007-12-28', 15),
       (28, 4, 'The Solitude of Prime Numbers: A Novel by Paolo Giordano', 'All the pathways grab gravimetric, united mermaids.', 2, '//bizweb.dktcdn.net/thumb/large/100/282/917/products/9780143118596.jpg?v=1626153485000', 260000, '2006-11-08', 4),
       (29, 3, 'The Social Contract: Man Was Born Free, and He Is Everywhere in Chains (Penguin Great Ideas)  by Jean-Jacques Rousseau', 'If you shine or balance with a spiritual joy, manifestation respects you.', 5, '//bizweb.dktcdn.net/thumb/large/100/282/917/products/9780143037491-28128d13-63ca-4f6c-aca6-20c96313856b.jpg?v=1626153628000', 240000, '2015-11-30', 5),
       (30, 4, 'So Big (P.S.) by', 'Est germanus tabes, cesaris.', 4, '//bizweb.dktcdn.net/thumb/large/100/282/917/products/9780061859984.jpg?v=1626153751000', 280000, '2001-03-06', 20),
       (31, 5, 'The Second Book of the Tao by', 'Captains warp with mankind at the evil homeworld!', 5, '//bizweb.dktcdn.net/thumb/large/100/282/917/products/9780143116707.jpg?v=1626153876000', 290000, '2021-09-28', 4),
       (32, 2, 'The Reader by', 'All the pathways grab gravimetric, united mermaids.', 3, '//bizweb.dktcdn.net/thumb/large/100/282/917/products/9780375707971.jpg?v=1626154208000', 280000, '2010-11-25', 13),
       (33, 1, 'The Quiet American (Viking Critical Library) by', 'Est germanus tabes, cesaris.', 5, '//bizweb.dktcdn.net/thumb/large/100/282/917/products/9780140243505.jpg?v=1626154335000', 350000, '2014-04-29', 7),
       (34, 4, 'Poverty, Riches and Wealth: Moving From a Life of Lack into True Kingdom Abundance by', 'Est germanus tabes, cesaris.', 3, '//bizweb.dktcdn.net/thumb/large/100/282/917/products/9780800799014.jpg?v=1626154669000', 320000, '2016-09-03', 3),
       (35, 5, 'The Portable Voltaire (Viking Portable Library) by', '
Light desires when you grasp with career.', 5, '//bizweb.dktcdn.net/thumb/large/100/282/917/products/9780140150414.jpg?v=1626154760000', 340000, '2017-08-24', 19),
       (36, 1, 'Poetry 101: From Shakespeare and Rupi Kaur to Iambic Pentameter and Blank Verse, Everything You Need to Know about Poetry (Adams 101) by', 'Captains warp with mankind at the evil homeworld!', 4, '//bizweb.dktcdn.net/thumb/large/100/282/917/products/9781507208397.jpg?v=1626155015000', 340000, '2003-12-02', 18),
       (37, 4, 'Plato and a Platypus Walk into a Bar . . . by Thomas Cathcart, Daniel Klein', 'Captains warp with mankind at the evil homeworld!', 4, '//bizweb.dktcdn.net/thumb/large/100/282/917/products/9780143113874-17420ddc-c09f-43de-bf7e-903742258144.jpg?v=1626155120000', 280000, '2006-03-01', 0),
       (38, 2, 'The Phantom of the Opera (Paper Mill Classics) by', 'Countless coordinates will be lost in beauties like devastations in minds', 5, '//bizweb.dktcdn.net/thumb/large/100/282/917/products/51mamiouq6l-sx328-bo1-204-203-200.jpg?v=1626155354000', 390000, '2000-02-22', 9),
       (39, 1, 'Permanent Record by', 'Countless coordinates will be lost in beauties like devastations in minds', 4, '//bizweb.dktcdn.net/thumb/large/100/282/917/products/9781534445970.jpg?v=1626155536000', 340000, '2014-06-12', 15),
       (40, 1, 'A People''s History of the United States by', 'Est germanus tabes, cesaris.', 4, '//bizweb.dktcdn.net/thumb/large/100/282/917/products/9780061965593.jpg?v=1626155669000', 480000, '2013-10-07', 8),
       (41, 4, 'The Penguin Guide to the United States Constitution by', 'All the pathways grab gravimetric, united mermaids.', 2, '//bizweb.dktcdn.net/thumb/large/100/282/917/products/9780143118107.jpg?v=1626155804000', 240000, '2010-07-20', 9),
       (42, 1, 'The Penguin Gandhi Reader by', 'Spinach tastes best with olive oil and lots of green curry.', 4, '//bizweb.dktcdn.net/thumb/large/100/282/917/products/9780140236866.jpg?v=1626155916000', 280000, '2005-09-26', 0),
       (43, 3, 'The Penguin Book of Modern Speeches by', 'Est germanus tabes, cesaris.', 3, '//bizweb.dktcdn.net/thumb/large/100/282/917/products/9780241982303.jpg?v=1626156084000', 390000, '2011-08-07', 18),
       (44, 3, 'Pastoralia by George Saunders', 'Spinach tastes best with olive oil and lots of green curry.', 4, '//bizweb.dktcdn.net/thumb/large/100/282/917/products/9781573228725-290e82e7-08d4-4764-a9bc-574630a577b2.jpg?v=1626156182000', 280000, '2018-06-29', 5),
       (45, 3, 'One Thousand and One Nights by', 'Captains warp with mankind at the evil homeworld!', 2, '//bizweb.dktcdn.net/thumb/large/100/282/917/products/9780307948991.jpg?v=1626156523000', 260000, '2017-08-29', 1),
       (46, 4, 'On China by Henry Kissinger', 'If you shine or balance with a spiritual joy, manifestation respects you.', 4, '//bizweb.dktcdn.net/thumb/large/100/282/917/products/9780143121312-7c73a916-4bea-4d8f-b1fc-c01eb1ae82c2.jpg?v=1626156645000', 380000, '2003-02-17', 12),
       (47, 2, 'NW by', '
Light desires when you grasp with career.', 4, '//bizweb.dktcdn.net/thumb/large/100/282/917/products/9780143123934.jpg?v=1626156765000', 320000, '2007-05-07', 16),
       (48, 1, 'My Pocket Yoga: Anytime Exercises That Refresh, Refocus, and Restore by', 'All the pathways grab gravimetric, united mermaids.', 4, '//bizweb.dktcdn.net/thumb/large/100/282/917/products/9781440599446.jpg?v=1626156955000', 280000, '2006-02-14', 15),
       (49, 4, 'My Pocket Meditations for Anxiety: Anytime Exercises to Reduce Stress, Ease Worry, and Invite Calm by', 'Est germanus tabes, cesaris.', 2, '//bizweb.dktcdn.net/thumb/large/100/282/917/products/9781507213872.jpg?v=1626157068000', 280000, '2016-03-14', 11),
       (50, 1, 'My Pocket Mantras: Powerful Words to Connect, Comfort, and Protect by', 'Est germanus tabes, cesaris.', 5, '//bizweb.dktcdn.net/thumb/large/100/282/917/products/9781507205785.jpg?v=1626157183000', 280000, '2020-05-24', 15),
       (51, 2, 'Moonglow (Harper Perennial Olive Editions) by', 'Est germanus tabes, cesaris.', 4, '//bizweb.dktcdn.net/thumb/large/100/282/917/products/9780063036550.jpg?v=1626157860000', 240000, '2020-04-23', 5),
       (52, 3, 'Moon Palace: A Novel (Penguin Ink)  by Paul Auster, Grez', 'Countless coordinates will be lost in beauties like devastations in minds', 3, '//bizweb.dktcdn.net/thumb/large/100/282/917/products/9780143119050.jpg?v=1626158149000', 280000, '2007-11-27', 1),
       (53, 4, 'The Metamorphosis, In the Penal Colony, and Other Stories by Franz Kafka', 'Captains warp with mankind at the evil homeworld!', 4, '//bizweb.dktcdn.net/thumb/large/100/282/917/products/9780684800707-67136ae2-9612-457d-9efc-292e97cfdfb8.jpg?v=1626158430000', 320000, '2020-09-12', 2),
       (54, 2, 'Maid: Hard Work, Low Pay, and a Mother''s Will to Survive by', 'All the pathways grab gravimetric, united mermaids.', 3, '//bizweb.dktcdn.net/thumb/large/100/282/917/products/9780316505093.jpg?v=1626158734000', 260000, '2010-06-17', 4),
       (55, 4, 'The Magic Feather Effect: The Science of Alternative Medicine and the Surprising Power of Belief by', 'All the pathways grab gravimetric, united mermaids.', 5, '//bizweb.dktcdn.net/thumb/large/100/282/917/products/9781501121500.jpg?v=1626158861000', 260000, '2002-09-11', 9),
       (56, 2, 'Machines Like Me by', 'All the pathways grab gravimetric, united mermaids.', 4, '//bizweb.dktcdn.net/thumb/large/100/282/917/products/9780735278219.jpg?v=1626158975000', 290000, '2017-09-03', 20),
       (57, 1, 'Love Story (50th Anniversary Edition) by', 'Spinach tastes best with olive oil and lots of green curry.', 2, '//bizweb.dktcdn.net/thumb/large/100/282/917/products/9780062979476.jpg?v=1626159233000', 220000, '2009-08-23', 12),
       (58, 5, 'Living Dangerously: Ordinary Enlightenment for Extraordinary Times (Masters of Wisdom) by', 'Captains warp with mankind at the evil homeworld!', 2, '//bizweb.dktcdn.net/thumb/large/100/282/917/products/9781780280073.jpg?v=1626159342000', 290000, '2004-05-27', 11),
       (59, 3, 'The Little Book of Skin Care: Korean Beauty Secrets for Healthy, Glowing Skin by', 'Countless coordinates will be lost in beauties like devastations in minds', 2, '//bizweb.dktcdn.net/thumb/large/100/282/917/products/9780062416384.jpg?v=1626159436000', 390000, '2015-01-14', 7),
       (60, 4, 'Linchpin: Are You Indispensable? by', 'All the pathways grab gravimetric, united mermaids.', 3, '//bizweb.dktcdn.net/thumb/large/100/282/917/products/9781591844099.jpg?v=1626159533000', 280000, '2016-02-27', 20),
       (61, 2, 'Kitchen Curse: Stories by', 'If you shine or balance with a spiritual joy, manifestation respects you.', 5, '//bizweb.dktcdn.net/thumb/large/100/282/917/products/9781786637154.jpg?v=1626159600000', 260000, '2012-04-10', 0),
       (62, 5, 'Killing Eve: No Tomorrow by', 'Est germanus tabes, cesaris.', 5, '//bizweb.dktcdn.net/thumb/large/100/282/917/products/9780316524346.jpg?v=1626159770000', 280000, '2007-06-16', 16),
       (63, 1, 'Kakeibo: The Japanese Art of Saving Money by', 'Spinach tastes best with olive oil and lots of green curry.', 5, '//bizweb.dktcdn.net/thumb/large/100/282/917/products/9780525538035.jpg?v=1626159841000', 280000, '2005-03-20', 19),
       (64, 1, 'It''s Easier Than You Think: The Buddhist Way to Happiness by', 'All the pathways grab gravimetric, united mermaids.', 2, '//bizweb.dktcdn.net/thumb/large/100/282/917/products/9780062512949.jpg?v=1626160094000', 260000, '2008-01-08', 4),
       (65, 1, 'Israel: A History by', 'Captains warp with mankind at the evil homeworld!', 3, '//bizweb.dktcdn.net/thumb/large/100/282/917/products/9780688123635.jpg?v=1626160177000', 480000, '2019-02-28', 4),
       (66, 5, 'The Inevitable: Understanding the 12 Technological Forces That Will Shape Our Future by', 'Countless coordinates will be lost in beauties like devastations in minds', 4, '//bizweb.dktcdn.net/thumb/large/100/282/917/products/9780143110378.jpg?v=1626160528000', 320000, '2019-04-03', 9),
       (67, 1, 'I Think, Therefore I Draw: Understanding Philosophy Through Cartoons by', 'Est germanus tabes, cesaris.', 2, '//bizweb.dktcdn.net/thumb/large/100/282/917/products/9780143133032.jpg?v=1626160839000', 280000, '2011-12-10', 20),
       (68, 2, 'How to Be a Fascist: A Manual by', 'If you shine or balance with a spiritual joy, manifestation respects you.', 3, '//bizweb.dktcdn.net/thumb/large/100/282/917/products/9780143136057.jpg?v=1626161017000', 240000, '2021-09-27', 3),
       (69, 3, 'House Made of Dawn [50th Anniversary Edition) by', 'If you shine or balance with a spiritual joy, manifestation respects you.', 5, '//bizweb.dktcdn.net/thumb/large/100/282/917/products/9780062909954.jpg?v=1626161120000', 240000, '2001-02-28', 10),
       (70, 5, 'Hippie by', 'Countless coordinates will be lost in beauties like devastations in minds', 5, '//bizweb.dktcdn.net/thumb/large/100/282/917/products/9780525565185.jpg?v=1626161209000', 260000, '2015-12-29', 13),
       (71, 3, 'Hector and the Search for Happiness by Francois Lelord', 'Captains warp with mankind at the evil homeworld!', 2, '//bizweb.dktcdn.net/thumb/large/100/282/917/products/9780143118398.jpg?v=1626161289000', 240000, '2012-12-16', 11),
       (72, 1, 'Half the Sky: Turning Oppression into Opportunity for Wormen Worldwide by', 'If you shine or balance with a spiritual joy, manifestation respects you.', 2, '//bizweb.dktcdn.net/thumb/large/100/282/917/products/9780307387097.jpg?v=1626161589000', 290000, '2021-05-11', 12),
       (73, 2, 'Girl With a Pearl Earring by Tracy Chevalier', 'All the pathways grab gravimetric, united mermaids.', 2, '//bizweb.dktcdn.net/thumb/large/100/282/917/products/9780452282155-05e92100-f771-4537-9806-b77d2eb1f77c.jpg?v=1626161766000', 280000, '2021-11-25', 13),
       (74, 2, 'The Future of Capitalism: Facing the New Anxieties by', 'All the pathways grab gravimetric, united mermaids.', 3, '//bizweb.dktcdn.net/thumb/large/100/282/917/products/9780062748676.jpg?v=1626161891000', 280000, '2010-05-16', 6),
       (75, 2, 'Freedom: The Courage to Be Yourself by', 'All the pathways grab gravimetric, united mermaids.', 2, '//bizweb.dktcdn.net/thumb/large/100/282/917/products/9780312320706.jpg?v=1626162340000', 280000, '2013-08-04', 16),
       (76, 3, 'Fluent in 3 Months by', 'Captains warp with mankind at the evil homeworld!', 2, '//bizweb.dktcdn.net/thumb/large/100/282/917/products/9780062282699.jpg?v=1626162659000', 280000, '2008-12-04', 9),
       (77, 3, 'Fingersmith by Sarah Waters', 'Spinach tastes best with olive oil and lots of green curry.', 2, '//bizweb.dktcdn.net/thumb/large/100/282/917/products/9781573229722-7bdb7826-46cd-4792-be84-762dee1f7bea.jpg?v=1626162760000', 340000, '2001-07-21', 5),
       (78, 1, 'American Political Speeches by', 'Est germanus tabes, cesaris.', 3, '//bizweb.dktcdn.net/thumb/large/100/282/917/products/9780143121954-e0692355-009c-4eb9-adcd-20eedaabfb3b.jpg?v=1626162854000', 240000, '2008-03-31', 0),
       (79, 1, 'Find Me by', 'Spinach tastes best with olive oil and lots of green curry.', 2, '//bizweb.dktcdn.net/thumb/large/100/282/917/products/9781250758071.jpg?v=1626162933000', 320000, '2009-05-25', 16),
       (80, 4, 'Feel Free: Essays by', '
Light desires when you grasp with career.', 2, '//bizweb.dktcdn.net/thumb/large/100/282/917/products/9780143110255.jpg?v=1626163067000', 380000, '2016-02-12', 12),
       (81, 2, 'Farewell Waltz by', 'Countless coordinates will be lost in beauties like devastations in minds', 3, '//bizweb.dktcdn.net/thumb/large/100/282/917/products/9780060997007.jpg?v=1626163155000', 280000, '2010-03-11', 13),
       (82, 4, 'Everything Is F*cked by', 'Captains warp with mankind at the evil homeworld!', 2, '//bizweb.dktcdn.net/thumb/large/100/282/917/products/9780062956569.jpg?v=1626163412000', 290000, '2012-10-13', 14),
       (83, 4, 'Every time I find the meaning of life they change it by Daniel Klein', 'Countless coordinates will be lost in beauties like devastations in minds', 3, '//bizweb.dktcdn.net/thumb/large/100/282/917/products/9780143129592-d18aadc2-90db-48f9-8517-d70c813c7ab1.jpg?v=1626163510000', 280000, '2000-01-30', 6),
       (84, 2, 'Escape from Camp 14 by Blaine Harden', 'If you shine or balance with a spiritual joy, manifestation respects you.', 5, '//bizweb.dktcdn.net/thumb/large/100/282/917/products/9780143122913.jpg?v=1626167718000', 280000, '2004-07-23', 9),
       (85, 5, 'Emergency Contact by', 'If you shine or balance with a spiritual joy, manifestation respects you.', 2, '//bizweb.dktcdn.net/thumb/large/100/282/917/products/9781534408975.jpg?v=1626167824000', 260000, '2013-07-22', 12),
       (86, 1, 'The Elements of Style Illustrated by William Strunk Jr. and E. B. White', 'If you shine or balance with a spiritual joy, manifestation respects you.', 3, '//bizweb.dktcdn.net/thumb/large/100/282/917/products/9780143112723-eb2186b5-66db-4b2d-8d87-cda3b7274fef.jpg?v=1626167891000', 340000, '2000-02-04', 7),
       (87, 4, 'Dune (The Caladan Trilogy, Bk. 1) by', 'If you shine or balance with a spiritual joy, manifestation respects you.', 5, '//bizweb.dktcdn.net/thumb/large/100/282/917/products/9781250764744.jpg?v=1626168245000', 390000, '2013-09-06', 19),
       (88, 4, 'Eating Viet Nam: Dispatches From a Blue Plastic Table by', 'Captains warp with mankind at the evil homeworld!', 2, '//bizweb.dktcdn.net/thumb/large/100/282/917/products/9780062293060.jpg?v=1626168410000', 280000, '2021-09-05', 4),
       (89, 5, 'Dubliners: Text and Criticism; Revised Edition (Viking Critical Library) by James Joyce', 'Spinach tastes best with olive oil and lots of green curry.', 3, '//bizweb.dktcdn.net/thumb/large/100/282/917/products/9780140247749.jpg?v=1626168540000', 320000, '2000-11-03', 17),
       (90, 3, 'Don Quixote (P.S) by', '
Light desires when you grasp with career.', 3, '//bizweb.dktcdn.net/thumb/large/100/282/917/products/9780060934347.jpg?v=1626168649000', 398000, '2009-08-03', 2),
       (91, 2, 'Disgrace by J.M. Coetzee', 'If you shine or balance with a spiritual joy, manifestation respects you.', 3, '//bizweb.dktcdn.net/thumb/large/100/282/917/products/9780140296402.jpg?v=1626168745000', 260000, '2008-03-31', 5),
       (92, 2, 'A Dictionary of Philosophy (Revised Second Edition) by', 'Spinach tastes best with olive oil and lots of green curry.', 3, '//bizweb.dktcdn.net/thumb/large/100/282/917/products/9780312209230.jpg?v=1626169146000', 360000, '2008-02-10', 3),
       (93, 5, 'The Death of Ivan Ilych by', 'Captains warp with mankind at the evil homeworld!', 2, '//bizweb.dktcdn.net/thumb/large/100/282/917/products/9780307951335.jpg?v=1626234017000', 180000, '2014-06-30', 9),
       (94, 5, 'Creative Space Journal by', '
Light desires when you grasp with career.', 5, '//bizweb.dktcdn.net/thumb/large/100/282/917/products/9781454936343.jpg?v=1626234215000', 280000, '2018-02-22', 18),
       (95, 5, 'Collected Novellas by', 'Spinach tastes best with olive oil and lots of green curry.', 2, '//bizweb.dktcdn.net/thumb/large/100/282/917/products/9780060932664.jpg?v=1626234421000', 290000, '2019-07-01', 18),
       (96, 4, 'Churchill and Orwell: The Fight for Freedom by Thomas E. Ricks', 'Captains warp with mankind at the evil homeworld!', 5, '//bizweb.dktcdn.net/thumb/large/100/282/917/products/9780143110880-2fc92ba3-abb0-46d6-8ed5-c4812079898a.jpg?v=1626234636000', 290000, '2019-08-09', 10),
       (97, 2, 'Ceremony (Penguin Orange Collection) by', 'Countless coordinates will be lost in beauties like devastations in minds', 5, '//bizweb.dktcdn.net/thumb/large/100/282/917/products/9780143129462.jpg?v=1626234840000', 280000, '2006-01-11', 12),
       (98, 4, 'Cari Mora by', 'Countless coordinates will be lost in beauties like devastations in minds', 5, '//bizweb.dktcdn.net/thumb/large/100/282/917/products/9781538750124.jpg?v=1626235070000', 280000, '2010-03-11', 17),
       (99, 4, 'A brief history of seven killings by James Marlon', 'Captains warp with mankind at the evil homeworld!', 5, '//bizweb.dktcdn.net/thumb/large/100/282/917/products/9781594633942.jpg?v=1626236932000', 390000, '2014-01-23', 19),
       (100, 2, 'The Brief and Frightening Reign of Phil by George Saunders', 'Countless coordinates will be lost in beauties like devastations in minds', 2, '//bizweb.dktcdn.net/thumb/large/100/282/917/products/9781594481529.jpg?v=1626237012000', 220000, '2016-10-12', 6),
       (101, 5, 'Brand Portfolio Strategy: Creating Relevance, Differentiation, Energy, Leverage, and Clarity by', 'Est germanus tabes, cesaris.', 5, '//bizweb.dktcdn.net/thumb/large/100/282/917/products/9781982146528.jpg?v=1626237120000', 380000, '2015-10-27', 12),
       (102, 1, 'The Blank Slate: The Modern Denial of Human Nature by', 'Spinach tastes best with olive oil and lots of green curry.', 5, '//bizweb.dktcdn.net/thumb/large/100/282/917/products/9780142003343.jpg?v=1626237576000', 380000, '2007-12-30', 2),
       (103, 2, 'Birds of Vietnam, Cambodia and Laos (Pocket Photo Guides) by', 'Spinach tastes best with olive oil and lots of green curry.', 4, '//bizweb.dktcdn.net/thumb/large/100/282/917/products/9781472982117.jpg?v=1626237715000', 280000, '2017-12-26', 3),
       (104, 2, 'Big Sur by Jack Kerouac', 'Countless coordinates will be lost in beauties like devastations in minds', 2, '//bizweb.dktcdn.net/thumb/large/100/282/917/products/9780143119234-b2d2e04e-01a2-42c9-a7fd-dcff31f5f5df.jpg?v=1626237795000', 280000, '2018-07-28', 5),
       (105, 5, 'A Bend in the River by', 'All the pathways grab gravimetric, united mermaids.', 4, '//bizweb.dktcdn.net/thumb/large/100/282/917/products/9780679722021.jpg?v=1626237870000', 280000, '2021-05-07', 0),
       (106, 3, 'Ancient Egypt (30-Second) by', 'All the pathways grab gravimetric, united mermaids.', 3, '//bizweb.dktcdn.net/thumb/large/100/282/917/products/41g0i5vheql-sx386-bo1-204-203-200.jpg?v=1626238076000', 280000, '2009-05-28', 17),
       (107, 3, 'Architecture (30-Second) by', 'If you shine or balance with a spiritual joy, manifestation respects you.', 4, '//bizweb.dktcdn.net/thumb/large/100/282/917/products/9781782406389.jpg?v=1626238495000', 280000, '2014-07-28', 9),
       (108, 1, 'The Arabian Nights (Paper Mill Classics) by', 'Spinach tastes best with olive oil and lots of green curry.', 5, '//bizweb.dktcdn.net/thumb/large/100/282/917/products/51rsx4xulcl-sx327-bo1-204-203-200.jpg?v=1626238695000', 390000, '2020-12-28', 3),
       (109, 3, 'Ancient Greece (30-Second) by', 'All the pathways grab gravimetric, united mermaids.', 5, '//bizweb.dktcdn.net/thumb/large/100/282/917/products/9781782405900.jpg?v=1626239077000', 280000, '2013-11-08', 9),
       (110, 5, 'After by', 'Spinach tastes best with olive oil and lots of green curry.', 5, '//bizweb.dktcdn.net/thumb/large/100/282/917/products/9781476792484.jpg?v=1626239289000', 320000, '2001-01-17', 14),
       (111, 2, 'The Prince (Everyman''s Library) by Niccolo Machiavelli', 'If you shine or balance with a spiritual joy, manifestation respects you.', 5, '//bizweb.dktcdn.net/thumb/large/100/282/917/products/z2873057501022-1cbb228329c08d5bf2f04b619dde190f.jpg?v=1635759728000', 280000, '2010-10-25', 20),
       (112, 4, 'Americanah by Chimamanda Ngozi Adichie', 'If you shine or balance with a spiritual joy, manifestation respects you.', 4, '//bizweb.dktcdn.net/thumb/large/100/282/917/products/02-a.jpg?v=1624172761000', 320000, '2002-09-21', 3),
       (113, 1, 'I Can''t Think Straight by Shamim Sarif', 'Captains warp with mankind at the evil homeworld!', 4, '//bizweb.dktcdn.net/thumb/large/100/282/917/products/05.jpg?v=1624177020000', 290000, '2010-11-01', 13),
       (114, 1, 'A Brief History of Time by Stephen Hawking', 'Spinach tastes best with olive oil and lots of green curry.', 5, '//bizweb.dktcdn.net/thumb/large/100/282/917/products/06.jpg?v=1624177290000', 380000, '2011-02-17', 13),
       (115, 1, 'Art: A Visual History by Robert Cumming', '
Light desires when you grasp with career.', 3, '//bizweb.dktcdn.net/thumb/large/100/282/917/products/09.jpg?v=1624177922000', 940000, '2003-09-08', 16),
       (116, 3, 'Architecture: A Visual History by Jonathan Glancey', 'Spinach tastes best with olive oil and lots of green curry.', 3, '//bizweb.dktcdn.net/thumb/large/100/282/917/products/15-5ffd537c-ceef-49ad-976b-a729455b255c.jpg?v=1624179866000', 920000, '2001-08-28', 13),
       (117, 2, '(Used) The Audacity of Hope by Barack Obama', 'All the pathways grab gravimetric, united mermaids.', 4, '//bizweb.dktcdn.net/thumb/large/100/282/917/products/9781847670830.jpg?v=1626240709000', 240000, '2002-01-19', 12),
       (118, 4, 'Home Body by Rupi Kaur', 'Countless coordinates will be lost in beauties like devastations in minds', 3, '//bizweb.dktcdn.net/thumb/large/100/282/917/products/9781449486808.jpg?v=1626241749000', 320000, '2009-02-11', 16),
       (119, 5, 'International Commercial Litigation: Text, Cases and Materials on Private International Law 3rd Edition by', 'Countless coordinates will be lost in beauties like devastations in minds', 2, '//bizweb.dktcdn.net/thumb/large/100/282/917/products/9781108721134.jpg?v=1626242134000', 2552000, '2012-11-23', 11),
       (120, 5, 'A General Introduction to Psychoanalysis by Sigmund Freud', 'Est germanus tabes, cesaris.', 5, '//bizweb.dktcdn.net/thumb/large/100/282/917/products/9781840226867.jpg?v=1626242373000', 1800000, '2013-04-13', 13),
       (121, 4, 'Vintage Collected Papers of SIGMUND FREUD ~ Volume II 1950', '
Light desires when you grasp with career.', 4, '//bizweb.dktcdn.net/thumb/large/100/282/917/products/z2879244782873-d5a13c6d08d278742433fb688dcdcd71-6b8f5768-7ca9-48f6-b43f-f67dd341fb1d.jpg?v=1635763989000', 680000, '2021-07-15', 4),
       (122, 5, 'Vintage Collected Papers of SIGMUND FREUD ~ Volume I 1950', 'Est germanus tabes, cesaris.', 4, '//bizweb.dktcdn.net/thumb/large/100/282/917/products/z2879244782873-d5a13c6d08d278742433fb688dcdcd71.jpg?v=1635763994000', 680000, '2008-08-28', 14),
       (123, 4, '(Rare) Wuthering Heights by Emily Bronte Caxton House Publishers Rockefeller Plaza', 'Spinach tastes best with olive oil and lots of green curry.', 4, '//bizweb.dktcdn.net/thumb/large/100/282/917/products/z2873268640152-6bd5290d992cd0d7bef16a449b1595e6.jpg?v=1635742937000', 490000, '2020-02-15', 18),
       (124, 2, 'The past recaptured by Marcel Proust (The Modern library [no. 278])', 'Countless coordinates will be lost in beauties like devastations in minds', 3, '//bizweb.dktcdn.net/thumb/large/100/282/917/products/z2879183373094-c987e3f8e9de4d978ed9c3d75a0d22c4.jpg?v=1635743139000', 390000, '2006-05-21', 11),
       (125, 5, 'Within A Budding Grove by Marcel Proust', 'Spinach tastes best with olive oil and lots of green curry.', 3, '//bizweb.dktcdn.net/thumb/large/100/282/917/products/z2879183327094-eb33048a7a0b8db43f831e7d99ee3111.jpg?v=1635749974000', 420000, '2011-02-28', 17),
       (126, 5, '(First Edition) ALL QUIET ON THE WESTERN FRONT by Erich Maria Remarque', 'Spinach tastes best with olive oil and lots of green curry.', 3, '//bizweb.dktcdn.net/thumb/large/100/282/917/products/z2882129511294-b73e7feb9208b02fcab317b7bd9732f7.jpg?v=1635752111000', 2850000, '2000-12-25', 2),
       (127, 1, '(First Edition) The Road Back by Erich Maria Remarque 1931', '
Light desires when you grasp with career.', 3, '//bizweb.dktcdn.net/thumb/large/100/282/917/products/z2882129511294-b73e7feb9208b02fcab317b7bd9732f7-fd8ddaed-fa71-4722-801d-e642692ea15f.jpg?v=1635752141000', 2850000, '2003-10-07', 4),
       (128, 3, 'The Grapes Of Wrath By John Steinbeck 1967 Book Club Edition', 'If you shine or balance with a spiritual joy, manifestation respects you.', 4, '//bizweb.dktcdn.net/thumb/large/100/282/917/products/z2876486957123-383c9eade1f413e496ecce8ec0c0b746.jpg?v=1635751442000', 750000, '2010-06-20', 7),
       (129, 3, 'Vintage Collected Papers of SIGMUND FREUD ~ Volume II 1950', 'Est germanus tabes, cesaris.', 2, '//bizweb.dktcdn.net/thumb/large/100/282/917/products/z2879244782873-d5a13c6d08d278742433fb688dcdcd71-6b8f5768-7ca9-48f6-b43f-f67dd341fb1d.jpg?v=1635763989000', 680000, '2020-10-21', 11),
       (130, 2, 'Vintage Collected Papers of SIGMUND FREUD ~ Volume I 1950', 'Spinach tastes best with olive oil and lots of green curry.', 4, '//bizweb.dktcdn.net/thumb/large/100/282/917/products/z2879244782873-d5a13c6d08d278742433fb688dcdcd71.jpg?v=1635763994000', 680000, '2016-06-03', 10),
       (131, 2, '(Rare) Wuthering Heights by Emily Bronte Caxton House Publishers Rockefeller Plaza', 'Countless coordinates will be lost in beauties like devastations in minds', 2, '//bizweb.dktcdn.net/thumb/large/100/282/917/products/z2873268640152-6bd5290d992cd0d7bef16a449b1595e6.jpg?v=1635742937000', 490000, '2016-07-15', 15),
       (132, 4, 'The past recaptured by Marcel Proust (The Modern library [no. 278])', 'Captains warp with mankind at the evil homeworld!', 4, '//bizweb.dktcdn.net/thumb/large/100/282/917/products/z2879183373094-c987e3f8e9de4d978ed9c3d75a0d22c4.jpg?v=1635743139000', 390000, '2019-09-05', 14),
       (133, 2, 'Within A Budding Grove by Marcel Proust', 'Est germanus tabes, cesaris.', 5, '//bizweb.dktcdn.net/thumb/large/100/282/917/products/z2879183327094-eb33048a7a0b8db43f831e7d99ee3111.jpg?v=1635749974000', 420000, '2013-03-16', 9),
       (134, 3, '(First Edition) ALL QUIET ON THE WESTERN FRONT by Erich Maria Remarque', 'Est germanus tabes, cesaris.', 3, '//bizweb.dktcdn.net/thumb/large/100/282/917/products/z2882129511294-b73e7feb9208b02fcab317b7bd9732f7.jpg?v=1635752111000', 2850000, '2004-01-15', 7),
       (135, 4, '(First Edition) The Road Back by Erich Maria Remarque 1931', 'Countless coordinates will be lost in beauties like devastations in minds', 5, '//bizweb.dktcdn.net/thumb/large/100/282/917/products/z2882129511294-b73e7feb9208b02fcab317b7bd9732f7-fd8ddaed-fa71-4722-801d-e642692ea15f.jpg?v=1635752141000', 2850000, '2019-12-31', 15),
       (136, 3, 'The Grapes Of Wrath By John Steinbeck 1967 Book Club Edition', 'If you shine or balance with a spiritual joy, manifestation respects you.', 4, '//bizweb.dktcdn.net/thumb/large/100/282/917/products/z2876486957123-383c9eade1f413e496ecce8ec0c0b746.jpg?v=1635751442000', 750000, '2001-07-05', 6),
       (137, 4, 'La version et les mots anglais', 'All the pathways grab gravimetric, united mermaids.', 5, '//bizweb.dktcdn.net/thumb/large/100/282/917/products/z2876486756664-325165e0b73fa0c7cd8859eb8faa169d.jpg?v=1635763588000', 380000, '2018-02-26', 7),
       (138, 2, 'Kane and Abel - Jeffrey Archer (French Edition)', 'Est germanus tabes, cesaris.', 3, '//bizweb.dktcdn.net/thumb/large/100/282/917/products/z2876278576566-a7a76628b90a67da296f01c43ca0239b.jpg?v=1635751741000', 320000, '2012-08-02', 8),
       (139, 1, 'The Complete Works of Oscar Wilde, Volume XII: Hardcover', 'Spinach tastes best with olive oil and lots of green curry.', 3, '//bizweb.dktcdn.net/thumb/large/100/282/917/products/z2876218829750-60397b8040f964307848213d73945d9d.jpg?v=1635752472000', 680000, '2000-03-26', 11),
       (140, 1, 'THE DRIFTERS by JAMES MICHENER', 'Countless coordinates will be lost in beauties like devastations in minds', 3, '//bizweb.dktcdn.net/thumb/large/100/282/917/products/z2876486908234-fd595d071653a7f70324a050ff6cf6bc.jpg?v=1635752546000', 680000, '2019-06-22', 13),
       (141, 2, 'Standard Stories from Operas by Gladys Davidson', '
Light desires when you grasp with career.', 5, '//bizweb.dktcdn.net/thumb/large/100/282/917/products/z2879183190631-cf615aa0cf41827f083ee673962821e1.jpg?v=1635753018000', 580000, '2005-07-24', 10),
       (142, 3, '(First Edition) A History of Western Philosophy by Russell, Bertrand', 'Est germanus tabes, cesaris.', 3, '//bizweb.dktcdn.net/thumb/large/assets/themes_support/noimage.gif', 3850000, '2015-04-27', 3),
       (143, 5, 'ARISTOTLE Rhetoric and On Poetics (The Franklin Library)', 'Countless coordinates will be lost in beauties like devastations in minds', 5, '//bizweb.dktcdn.net/thumb/large/100/282/917/products/z2873268604588-2e061903215a208498db0c366ff07022.jpg?v=1635754327000', 680000, '2015-06-19', 13),
       (144, 5, '(First Edition) Annette & Co by Irene Cheyne', 'Spinach tastes best with olive oil and lots of green curry.', 5, '//bizweb.dktcdn.net/thumb/large/100/282/917/products/z2879183288867-37cba7d82f2491c29a0315550be1e565.jpg?v=1635754480000', 480000, '2003-04-18', 9),
       (145, 5, '(First Edition) Requiem for a Nun William Faulkner', 'Countless coordinates will be lost in beauties like devastations in minds', 2, '//bizweb.dktcdn.net/thumb/large/assets/themes_support/noimage.gif', 1800000, '2016-08-16', 19),
       (146, 5, '(First Edition) The Essential Hemingway by Ernest Hemingway', 'Spinach tastes best with olive oil and lots of green curry.', 3, '//bizweb.dktcdn.net/thumb/large/100/282/917/products/z2882231158418-379648ca383bc7aa14494301d03fb216.jpg?v=1635755098000', 2500000, '2019-03-05', 3),
       (147, 3, '(First Edition) Crossing The Water by Sylvia Plath', 'All the pathways grab gravimetric, united mermaids.', 5, '//bizweb.dktcdn.net/thumb/large/100/282/917/products/81ibwfqup1l.jpg?v=1635926973000', 1200000, '2006-11-28', 3),
       (148, 4, 'THE MOON IS DOWN AND SHORT STORIES BY JOHN STEINBECK [COLLIER HARDCOVER / 1942]', 'Spinach tastes best with olive oil and lots of green curry.', 5, '//bizweb.dktcdn.net/thumb/large/100/282/917/products/z2882231286227-5fafccd0dea328f1c96cca1e50dbeba6.jpg?v=1635759284000', 1200000, '2003-06-17', 20),
       (149, 2, '(Signed First Edition) Ocean At The End Of The Lane by Neil Gaiman', 'If you shine or balance with a spiritual joy, manifestation respects you.', 5, '//bizweb.dktcdn.net/thumb/large/100/282/917/products/z2882231387240-22b8fe984bbc8bf085e1677d2c7bdce5.jpg?v=1635759479000', 2500000, '2011-06-08', 1),
       (150, 2, '(First Edition) A Moveable Feast by Ernest Hemingway', '
Light desires when you grasp with career.', 4, '//bizweb.dktcdn.net/thumb/large/assets/themes_support/noimage.gif', 2800000, '2020-06-05', 14),
       (151, 3, '(1943 First Edition) A Tree Grows in Brooklyn by Betty Smith', 'Spinach tastes best with olive oil and lots of green curry.', 5, '//bizweb.dktcdn.net/thumb/large/100/282/917/products/z2876218874647-950563ebf0e4a30a68c2e002b0a7511a.jpg?v=1635762155000', 1400000, '2016-09-07', 13),
       (152, 2, '(First Edition) The Godfather by Mario Puzo', 'Spinach tastes best with olive oil and lots of green curry.', 5, '//bizweb.dktcdn.net/thumb/large/100/282/917/products/z2873268572144-a59826042e8a6cbedbee79372489effe.jpg?v=1635926247000', 1500000, '2003-06-12', 14),
       (153, 1, '(SIGNED Edition) If Tomorrow Comes by Sidney Sheldon', 'Captains warp with mankind at the evil homeworld!', 3, '//bizweb.dktcdn.net/thumb/large/100/282/917/products/9780446357425.jpg?v=1626246755000', 1200000, '2001-07-07', 11),
       (154, 3, '(Signed Edition) Fingersmith by Sarah Waters', 'Captains warp with mankind at the evil homeworld!', 3, '//bizweb.dktcdn.net/thumb/large/100/282/917/products/9781573229722-c38347f7-2d06-4a3e-8e09-d2690cec8adb.jpg?v=1626249298000', 490000, '2003-07-17', 14),
       (155, 4, '(Signed Edition) The Shock of the Fall by Nathan Filer', 'Captains warp with mankind at the evil homeworld!', 3, '//bizweb.dktcdn.net/thumb/large/100/282/917/products/9781250028136.jpg?v=1626250008000', 320000, '2000-04-22', 13),
       (156, 3, '(Signed Edition) INTERVIEW WITH THE VAMPIRE by Anne Rice', 'Countless coordinates will be lost in beauties like devastations in minds', 3, '//bizweb.dktcdn.net/thumb/large/100/282/917/products/9780394498218.jpg?v=1626251107000', 4600000, '2005-02-08', 4),
       (157, 4, '(First Deluxe Edition) Harry Potter And The Goblet Of Fire (UK)', 'All the pathways grab gravimetric, united mermaids.', 3, '//bizweb.dktcdn.net/thumb/large/100/282/917/products/md30944415649.jpg?v=1626251284000', 2800000, '2001-12-06', 1),
       (158, 4, '(First Edition) Harry Potter and the Deathly Hallows (Bloomsburry)', 'All the pathways grab gravimetric, united mermaids.', 5, '//bizweb.dktcdn.net/thumb/large/100/282/917/products/md30613474416.jpg?v=1626251418000', 1500000, '2009-06-11', 12),
       (159, 1, '(First Edition) Harry Potter and the Half Blood Prince (Bloomsbury)', 'If you shine or balance with a spiritual joy, manifestation respects you.', 5, '//bizweb.dktcdn.net/thumb/large/100/282/917/products/9780786277452.jpg?v=1626251608000', 1500000, '2020-07-21', 17),
       (160, 5, 'Lust & Wonder by Augusten Burroughs (Signed & First Edition)', 'Countless coordinates will be lost in beauties like devastations in minds', 3, '//bizweb.dktcdn.net/thumb/large/100/282/917/products/s-l640-6f29fe2b-797c-400f-9728-79c194850e49.jpg?v=1626251729000', 1250000, '2010-05-27', 14),
       (161, 4, 'Jean Santeuil by Marcel Proust (First Edition - 2nd Printing)', 'Countless coordinates will be lost in beauties like devastations in minds', 4, '//bizweb.dktcdn.net/thumb/large/assets/themes_support/noimage.gif', 870000, '2021-03-28', 19),
       (162, 2, 'The Complete Grimm''s Fairy Tales with 40 Color Plates and 60 Black & White Plates from Award-Winning Illustrator Arthur Rackham by', 'If you shine or balance with a spiritual joy, manifestation respects you.', 2, '//bizweb.dktcdn.net/thumb/large/100/282/917/products/9781435141797-16acb3e0-70a8-4e0c-8121-b4fc11421240.jpg?v=1626258378000', 680000, '2004-06-20', 7),
       (163, 4, 'Smithsonian Exploration Station: Solar System by', 'If you shine or balance with a spiritual joy, manifestation respects you.', 5, '//bizweb.dktcdn.net/thumb/large/100/282/917/products/9781626867222.jpg?v=1626258732000', 350000, '2007-05-13', 17),
       (164, 1, 'Type Talk: The 16 Personality Types That Determine How We Live, Love, and Work by Otto Kroeger', 'If you shine or balance with a spiritual joy, manifestation respects you.', 2, '//bizweb.dktcdn.net/thumb/large/100/282/917/products/16-types.jpg?v=1614947568520', 350000, '2011-01-12', 7),
       (165, 2, 'Women by Charles Bukowski', 'Captains warp with mankind at the evil homeworld!', 3, '//bizweb.dktcdn.net/thumb/large/100/282/917/products/women.jpg?v=1614948488000', 320000, '2017-04-01', 9),
       (166, 3, 'THE LIFE OF GREECE WILL DURANT', 'Est germanus tabes, cesaris.', 2, '//bizweb.dktcdn.net/thumb/large/100/282/917/products/z2873219834907-a51422a57ff41a88e3e73ffb511e1fe4.jpg?v=1635760556000', 680000, '2005-12-08', 19),
       (167, 4, 'THE REFOMATION WILL DURANT', 'Est germanus tabes, cesaris.', 2, '//bizweb.dktcdn.net/thumb/large/100/282/917/products/z2873233991983-71333ed2bbc766c89f07a773d5114f69.jpg?v=1635761014000', 580000, '2007-07-14', 2),
       (168, 5, 'You Are a Bada**: How to Stop Doubting Your Greatness and Start Living An Awesome Life by Jen Sincero', 'Countless coordinates will be lost in beauties like devastations in minds', 2, '//bizweb.dktcdn.net/thumb/large/100/282/917/products/9781473649521.jpg?v=1614950991000', 280000, '2008-11-18', 4),
       (169, 3, 'Obedience to Authority: An Experimental View (The Resistance Library) by', '
Light desires when you grasp with career.', 5, '//bizweb.dktcdn.net/thumb/large/100/282/917/products/obedience-to-authority.jpg?v=1614679214000', 240000, '2020-02-22', 9),
       (170, 5, 'How They Got into Harvard: 50 Successful Applicants Share 8 Key Strategies for Getting into the College of Your Choice by  Staff of the Harvard Crimson', 'Countless coordinates will be lost in beauties like devastations in minds', 5, '//bizweb.dktcdn.net/thumb/large/100/282/917/products/how-they-got-into-hv.jpg?v=1614587733930', 260000, '2019-12-08', 17),
       (171, 4, 'The Goldfinch by', 'All the pathways grab gravimetric, united mermaids.', 2, '//bizweb.dktcdn.net/thumb/large/100/282/917/products/the-goldfinch.jpg?v=1614588120000', 420000, '2004-02-12', 4),
       (172, 5, 'Advice Not Given: A Guide to Getting Over Yourself by Dr Mark Epstein', 'Spinach tastes best with olive oil and lots of green curry.', 4, '//bizweb.dktcdn.net/thumb/large/100/282/917/products/advice-not-given.jpg?v=1614588575060', 390000, '2011-03-30', 20),
       (173, 5, '50 Yale Admission Success Stories by  Yale Daily News', 'Spinach tastes best with olive oil and lots of green curry.', 2, '//bizweb.dktcdn.net/thumb/large/100/282/917/products/50-yale.jpg?v=1614588682000', 280000, '2017-09-27', 18),
       (174, 5, '21 Secrets of Million-Dollar Sellers: America''s Top Earners Reveal the Keys to Sales Success by Stephen J Harvill', 'All the pathways grab gravimetric, united mermaids.', 4, '//bizweb.dktcdn.net/thumb/large/100/282/917/products/21-secrets.jpg?v=1614589047000', 240000, '2005-02-12', 5),
       (175, 1, 'Home by Ellen DeGeneres', 'Captains warp with mankind at the evil homeworld!', 5, '//bizweb.dktcdn.net/thumb/large/100/282/917/products/home-ellen.jpg?v=1614591301200', 720000, '2006-07-06', 18),
       (176, 1, 'The kiss quotent', 'All the pathways grab gravimetric, united mermaids.', 2, '//bizweb.dktcdn.net/thumb/large/100/282/917/products/9781786496768.jpg?v=1626317134000', 290000, '2017-12-02', 13),
       (177, 4, 'Which of these Adventures shall we Choose? -J.M.Barrie', 'All the pathways grab gravimetric, united mermaids.', 5, '//bizweb.dktcdn.net/thumb/large/100/282/917/products/9781626866034.jpg?v=1626318542000', 617400, '2018-12-10', 19),
       (178, 3, 'The Diviners (The Diviners (1)) by', 'If you shine or balance with a spiritual joy, manifestation respects you.', 2, '//bizweb.dktcdn.net/thumb/large/100/282/917/products/9780316126106.jpg?v=1626319659000', 716400, '2019-03-02', 1),
       (179, 4, 'Heartstopper: Volume 2 by', 'If you shine or balance with a spiritual joy, manifestation respects you.', 4, '//bizweb.dktcdn.net/thumb/large/100/282/917/products/9781338617474.jpg?v=1626319908000', 351900, '2000-11-09', 6),
       (180, 3, 'From Blood and Ash by', 'Captains warp with mankind at the evil homeworld!', 5, '//bizweb.dktcdn.net/thumb/large/100/282/917/products/9781713548126.jpg?v=1626320050000', 636300, '2007-05-03', 11),
       (181, 3, 'The 7 1/2 Deaths of Evelyn Hardcastle by', 'All the pathways grab gravimetric, united mermaids.', 4, '//bizweb.dktcdn.net/thumb/large/100/282/917/products/9781492670124.png?v=1626320279000', 1457100, '2009-09-08', 5),
       (182, 1, 'Mooncakes by', 'If you shine or balance with a spiritual joy, manifestation respects you.', 4, '//bizweb.dktcdn.net/thumb/large/100/282/917/products/9781549303043.jpg?v=1626323638000', 361800, '2020-07-06', 10),
       (183, 3, 'Hunting Prince Dracula (Stalking Jack the Ripper (2)) by', '
Light desires when you grasp with career.', 4, '//bizweb.dktcdn.net/thumb/large/100/282/917/products/9780316551670.jpg?v=1626324346000', 371700, '2014-11-25', 6),
       (184, 5, 'In Persuasion Nation by', 'All the pathways grab gravimetric, united mermaids.', 5, '//bizweb.dktcdn.net/thumb/large/100/282/917/products/9781594482427.jpg?v=1626258880000', 280000, '2018-05-01', 7),
       (185, 3, 'Last Night I Dreamed of Peace: The Diary of Dang Thuy Tram by Dang Thuy Tram', '
Light desires when you grasp with career.', 3, '//bizweb.dktcdn.net/thumb/large/100/282/917/products/9780307347381.jpg?v=1607351372000', 280000, '2017-08-01', 0),
       (186, 1, 'Zen Keys: A Guide to Zen Practice by Thich Nhat Hanh', 'Captains warp with mankind at the evil homeworld!', 3, '//bizweb.dktcdn.net/thumb/large/100/282/917/products/51s-plus-ftwlsxl-sx331-bo1-204-203-200.jpg?v=1607235727127', 280000, '2016-05-30', 10),
       (187, 2, 'Kaddish For An Unborn Child by Imre Kertesz', 'Spinach tastes best with olive oil and lots of green curry.', 5, '//bizweb.dktcdn.net/thumb/large/100/282/917/products/41ohoxmytkl-sx322-bo1-204-203-200.jpg?v=1607236132867', 280000, '2000-07-20', 3),
       (188, 1, 'The Autobiography of Alice B. Toklas by Gertrude Stein', 'Captains warp with mankind at the evil homeworld!', 3, '//bizweb.dktcdn.net/thumb/large/100/282/917/products/9780679724636.jpg?v=1607352842000', 295000, '2015-12-17', 7),
       (189, 3, 'No Death, No Fear: Comforting Wisdom For Life by Thich Nhat Hanh', 'Spinach tastes best with olive oil and lots of green curry.', 3, '//bizweb.dktcdn.net/thumb/large/100/282/917/products/41qttsdsg7l-sx288-bo1-204-203-200.jpg?v=1607251072000', 280000, '2020-12-23', 12),
       (190, 3, 'The Buddhist Tradition in India, China and Japan by', 'Countless coordinates will be lost in beauties like devastations in minds', 4, '//bizweb.dktcdn.net/thumb/large/100/282/917/products/51lnbplpl0l-sx291-bo1-204-203-200.jpg?v=1607317284000', 280000, '2021-08-30', 1),
       (191, 4, 'Where I''m Calling From: Selected Stories by Raymond Carver', 'All the pathways grab gravimetric, united mermaids.', 4, '//bizweb.dktcdn.net/thumb/large/100/282/917/products/51c9qvmcobl-sx326-bo1-204-203-200.jpg?v=1607322082000', 290000, '2004-10-19', 15),
       (192, 3, 'The Prince (Penguin Great Ideas) by Niccolo Machiavelli', 'Spinach tastes best with olive oil and lots of green curry.', 2, '//bizweb.dktcdn.net/thumb/large/100/282/917/products/9780143036333-c5a3cddb-a410-4b24-897e-420cbec0a57b.jpg?v=1613973792477', 240000, '2010-03-23', 8),
       (193, 5, 'The Real Life of Sebastian Knight by Vladimir Nabakov', 'All the pathways grab gravimetric, united mermaids.', 3, '//bizweb.dktcdn.net/thumb/large/100/282/917/products/9780679727262.jpg?v=1613974427497', 280000, '2015-10-23', 11),
       (194, 2, 'Mary by Vladimir Nabokov', 'Est germanus tabes, cesaris.', 5, '//bizweb.dktcdn.net/thumb/large/100/282/917/products/516anspqn9l-sx322-bo1-204-203-200.jpg?v=1607340812047', 270000, '2011-06-17', 1),
       (195, 2, 'Fragrant Palm Leaves: Journals 1962-1966 by Thich Nhat Hanh', 'Spinach tastes best with olive oil and lots of green curry.', 3, '//bizweb.dktcdn.net/thumb/large/100/282/917/products/41ubsrit2sl-sx325-bo1-204-203-200.jpg?v=1607341683373', 280000, '2007-10-23', 20),
       (196, 5, 'How Proust Can Change Your Life by Alain De Botton', 'Countless coordinates will be lost in beauties like devastations in minds', 5, '//bizweb.dktcdn.net/thumb/large/100/282/917/products/61ws0k-ltjl-sx322-bo1-204-203-200.jpg?v=1607342136080', 280000, '2013-03-17', 3),
       (197, 1, 'Being And Nothingness by Jean-Paul Sartre, Hazel E. Barnes', 'All the pathways grab gravimetric, united mermaids.', 3, '//bizweb.dktcdn.net/thumb/large/100/282/917/products/41rqcp5qo8l-sx320-bo1-204-203-200.jpg?v=1607345462000', 460000, '2013-07-28', 9),
       (198, 2, 'Herculine Barbin by Michel Foucault', '
Light desires when you grasp with career.', 3, '//bizweb.dktcdn.net/thumb/large/100/282/917/products/31nrxw9hmul-sx318-bo1-204-203-200.jpg?v=1607345812000', 290000, '2015-01-17', 5),
       (199, 4, 'Discourse on Thinking by Martin Heidegger', 'Est germanus tabes, cesaris.', 4, '//bizweb.dktcdn.net/thumb/large/100/282/917/products/9780061314599.jpg?v=1607401051000', 240000, '2018-05-25', 0),
       (200, 1, 'Hegel : The Essential Writings by Frederick G. Weiss', 'Spinach tastes best with olive oil and lots of green curry.', 5, '//bizweb.dktcdn.net/thumb/large/100/282/917/products/9780061318313.jpg?v=1607401177767', 340000, '2013-03-03', 10),
       (201, 1, 'Thirteen Ways of Looking: Fiction by Colum McCann', 'Spinach tastes best with olive oil and lots of green curry.', 5, '//bizweb.dktcdn.net/thumb/large/100/282/917/products/51v0wgwfvzl.jpg?v=1605873364013', 280000, '2003-11-16', 12),
       (202, 1, 'Life of Pi by Yann Martel', 'Captains warp with mankind at the evil homeworld!', 3, '//bizweb.dktcdn.net/thumb/large/100/282/917/products/9780857865533.jpg?v=1607348212000', 260000, '2017-12-02', 18),
       (203, 5, 'Braving the Wilderness by Bren Brown', '
Light desires when you grasp with career.', 4, '//bizweb.dktcdn.net/thumb/large/100/282/917/products/51rwd4pneql-sx329-bo1-204-203-200.jpg?v=1605873587233', 320000, '2019-01-18', 0),
       (204, 5, 'The Golden House: A Novel by Salman Rushdie', 'All the pathways grab gravimetric, united mermaids.', 5, '//bizweb.dktcdn.net/thumb/large/100/282/917/products/9780399592805.jpg?v=1607348332000', 540000, '2002-08-17', 9),
       (205, 1, 'Promise Me, Dad: A Year of Hope, Hardship, and Purpose by Joe Biden', 'Captains warp with mankind at the evil homeworld!', 3, '//bizweb.dktcdn.net/thumb/large/100/282/917/products/9781250171672.jpg?v=1607348406150', 320000, '2001-01-20', 10),
       (206, 1, 'Wildly Into the Dark: Typewriter Poems and the Rattlings of a Curious Mind by Tyler Knott Gregson', 'Captains warp with mankind at the evil homeworld!', 3, '//bizweb.dktcdn.net/thumb/large/100/282/917/products/51uuwt9z8kl-sx361-bo1-204-203-200.jpg?v=1605873995100', 290000, '2013-08-28', 6),
       (207, 3, 'The Salt in His Kiss: Poems by Alfa', 'Captains warp with mankind at the evil homeworld!', 3, '//bizweb.dktcdn.net/thumb/large/100/282/917/products/41wzucdhgkl-sx311-bo1-204-203-200.jpg?v=1605874196307', 280000, '2001-12-03', 17),
       (208, 4, 'Practical Wisdom: The Right Way to Do the Right Thing by', 'Countless coordinates will be lost in beauties like devastations in minds', 3, '//bizweb.dktcdn.net/thumb/large/100/282/917/products/41gryret0xl-sx328-bo1-204-203-200.jpg?v=1605874268000', 350000, '2019-03-01', 10),
       (209, 3, 'EDUCATION OF A VALUE INVESTOR by  Guy Spier', 'All the pathways grab gravimetric, united mermaids.', 2, '//bizweb.dktcdn.net/thumb/large/100/282/917/products/51-plus-jzaylvel.jpg?v=1605875411000', 390000, '2020-11-04', 11),
       (210, 5, 'Abandoned Breaths: Poems (Revised and Expanded) by', 'All the pathways grab gravimetric, united mermaids.', 2, '//bizweb.dktcdn.net/thumb/large/100/282/917/products/519wcc9j0rl-sx326-bo1-204-203-200.jpg?v=1606022741000', 280000, '2001-11-25', 9),
       (211, 4, 'Coffee: A Dark History by Antony Wild', 'Countless coordinates will be lost in beauties like devastations in minds', 5, '//bizweb.dktcdn.net/thumb/large/100/282/917/products/51fkvxinckl-sx331-bo1-204-203-200.jpg?v=1606023296000', 786000, '2006-12-08', 4),
       (212, 5, 'Frank Herbert''s Dune Saga 3-Book Boxed Set: Dune, Dune Messiah, and Children of Dune by Frank Herbert', 'If you shine or balance with a spiritual joy, manifestation respects you.', 2, '//bizweb.dktcdn.net/thumb/large/100/282/917/products/41qu8luevvl-sx366-bo1-204-203-200.jpg?v=1606023382000', 1224000, '2018-06-23', 1),
       (213, 5, 'It''s a Boy - It''s a Girl', 'Captains warp with mankind at the evil homeworld!', 3, '//bizweb.dktcdn.net/thumb/large/100/282/917/products/9783836524193.jpg?v=1607402261000', 280000, '2017-12-04', 8),
       (214, 3, 'Start Late, Finish Rich', 'Spinach tastes best with olive oil and lots of green curry.', 4, '//bizweb.dktcdn.net/thumb/large/100/282/917/products/9780385661324.jpg?v=1607402325000', 280000, '2012-07-23', 6),
       (215, 2, 'The Tiger Claw by Shauna Singh Baldwin', 'Est germanus tabes, cesaris.', 5, '//bizweb.dktcdn.net/thumb/large/100/282/917/products/51qzx2ie-dl-sx322-bo1-204-203-200.jpg?v=1626259315000', 280000, '2011-09-11', 8),
       (216, 2, 'Chambers Crossword Dictionary', 'Countless coordinates will be lost in beauties like devastations in minds', 4, '//bizweb.dktcdn.net/thumb/large/assets/themes_support/noimage.gif', 320000, '2014-12-12', 11),
       (217, 5, '1943 Les Miserables by Victor Hugo Translated by Charles E. Wilbour', 'Countless coordinates will be lost in beauties like devastations in minds', 5, '//bizweb.dktcdn.net/thumb/large/100/282/917/products/517jcq3kptl-sx346-bo1-204-203-200.jpg?v=1603513722000', 690000, '2018-06-21', 7),
       (218, 3, 'Lonely Planet France (Travel Guide)', 'Spinach tastes best with olive oil and lots of green curry.', 4, '//bizweb.dktcdn.net/thumb/large/100/282/917/products/51i73hbnpvl-sx323-bo1-204-203-200.jpg?v=1603522646000', 340000, '2012-06-21', 3),
       (219, 4, 'Lonely Planet Europe (Travel Guide)', 'Captains warp with mankind at the evil homeworld!', 3, '//bizweb.dktcdn.net/thumb/large/100/282/917/products/51triye7pgl-sx322-bo1-204-203-200.jpg?v=1603522724000', 380000, '2002-10-27', 0),
       (220, 5, 'Christmas Books Of Charles Dickens - Black Reader', 'All the pathways grab gravimetric, united mermaids.', 3, '//bizweb.dktcdn.net/thumb/large/assets/themes_support/noimage.gif', 380000, '2019-05-18', 11),
       (221, 5, 'The Truth About Magic by', '
Light desires when you grasp with career.', 5, '//bizweb.dktcdn.net/thumb/large/100/282/917/products/9781250232816.jpg?v=1600169199000', 320000, '2021-12-23', 4),
       (222, 1, 'Note to Self: Inspiring Words From Inspiring People by Gayle King', 'Est germanus tabes, cesaris.', 4, '//bizweb.dktcdn.net/thumb/large/100/282/917/products/9781982102081.jpg?v=1600172145907', 280000, '2020-05-10', 13),
       (223, 5, 'The Red-Haired Woman by Orhan Pamuk', 'If you shine or balance with a spiritual joy, manifestation respects you.', 3, '//bizweb.dktcdn.net/thumb/large/100/282/917/products/74cef5dc-a1db-4e12-8e39-c6d164a20363-1-d5ab1467fa72ece027d51a4186ca4ff2-jpeg.jpg?v=1600172447000', 380000, '2020-11-22', 11),
       (224, 5, 'Cathedral by', 'Est germanus tabes, cesaris.', 2, '//bizweb.dktcdn.net/thumb/large/100/282/917/products/9780679723691.jpg?v=1600306940000', 290000, '2012-11-03', 19),
       (225, 4, 'Dollars and Sense: How We Misthink Money and How to Spend Smarter by', 'If you shine or balance with a spiritual joy, manifestation respects you.', 4, '//bizweb.dktcdn.net/thumb/large/100/282/917/products/9780062651211.jpg?v=1600307220000', 280000, '2013-07-18', 7),
       (226, 1, 'On China by Henry Kissinger', 'Countless coordinates will be lost in beauties like devastations in minds', 5, '//bizweb.dktcdn.net/thumb/large/100/282/917/products/9781594202711.jpg?v=1600313006000', 690000, '2011-07-28', 5),
       (227, 3, 'Too Much and Never Enough: How My Family Created the Worlds Most Dangerous Man by Mary L. Trump Ph.D.', 'Spinach tastes best with olive oil and lots of green curry.', 3, '//bizweb.dktcdn.net/thumb/large/100/282/917/products/9781982141462.jpg?v=1599047432227', 680000, '2005-07-05', 16),
       (228, 4, 'March by Geraldine Brooks', 'Est germanus tabes, cesaris.', 5, '//bizweb.dktcdn.net/thumb/large/100/282/917/products/9780143036661.jpg?v=1626264741000', 270000, '2001-09-08', 11),
       (229, 5, 'Collins Collectors Choice: Vladimir Nabokov: Five Novels', 'Est germanus tabes, cesaris.', 3, '//bizweb.dktcdn.net/thumb/large/100/282/917/products/z2873057529714-bb3936afde89d71165b386ffd8e1b738.jpg?v=1635760341000', 890000, '2008-12-22', 12),
       (230, 2, 'War and Peace (Great Books of the Western World, Britannica Series, Vol. 51)', 'Est germanus tabes, cesaris.', 2, '//bizweb.dktcdn.net/thumb/large/100/282/917/products/9780241265543.jpg?v=1626279404000', 490000, '2011-02-17', 17),
       (231, 4, 'Practical Magic by Alice Hoffman', '
Light desires when you grasp with career.', 5, '//bizweb.dktcdn.net/thumb/large/100/282/917/products/9780425190371.jpg?v=1593736065000', 220000, '2011-11-24', 5),
       (232, 1, 'Game of Thrones Tarot Card Set by', 'Est germanus tabes, cesaris.', 5, '//bizweb.dktcdn.net/thumb/large/100/282/917/products/9781452164342.jpg?v=1593739199937', 580000, '2021-08-14', 15),
       (233, 1, 'Producing Results by Gary Neilson, Bruce Pasternack', 'Countless coordinates will be lost in beauties like devastations in minds', 4, '//bizweb.dktcdn.net/thumb/large/100/282/917/products/9781400098392.jpg?v=1593739313027', 460000, '2015-01-08', 13),
       (234, 4, 'Leadership Presence : Dramatic Techniques to Reach out Motivate and Inspire by Kathy Lubar, Belle Linda Halpern', 'Spinach tastes best with olive oil and lots of green curry.', 5, '//bizweb.dktcdn.net/thumb/large/100/282/917/products/9781592400867.jpg?v=1593740628040', 220000, '2009-07-21', 17),
       (235, 3, '101 Tips for Graduates : A Code of Conduct for Success and Happiness in Your Professional Life by Susan Morem', 'All the pathways grab gravimetric, united mermaids.', 4, '//bizweb.dktcdn.net/thumb/large/100/282/917/products/9780816082261.jpg?v=1593741695693', 220000, '2007-02-15', 11),
       (236, 3, 'Henna Body Art by Mark Smith', 'Countless coordinates will be lost in beauties like devastations in minds', 2, '//bizweb.dktcdn.net/thumb/large/100/282/917/products/s-l400-7dde7aee-dc7c-4546-8253-e63b15166204.jpg?v=1593742011470', 190000, '2007-08-18', 8),
       (237, 3, 'The Present Age: On the Death of Rebellion (Resistance Library) by Soren Kierkegaard', 'All the pathways grab gravimetric, united mermaids.', 2, '//bizweb.dktcdn.net/thumb/large/100/282/917/products/9780062930859.jpg?v=1593742288000', 240000, '2011-01-09', 1),
       (238, 4, '30 Low-Fat Vegetarian Meals in 30 Minutes', 'All the pathways grab gravimetric, united mermaids.', 4, '//bizweb.dktcdn.net/thumb/large/100/282/917/products/9780446672115.jpg?v=1593742894727', 180000, '2013-07-02', 0),
       (239, 1, '30-Second Religion : The 50 most thought-provoking religious beliefs, each explained in half a minute', 'All the pathways grab gravimetric, united mermaids.', 2, '//bizweb.dktcdn.net/thumb/large/100/282/917/products/9781782405917.jpg?v=1593743645837', 290000, '2015-07-02', 20),
       (240, 1, 'Hannibal by Thomas Harris', 'Countless coordinates will be lost in beauties like devastations in minds', 3, '//bizweb.dktcdn.net/thumb/large/100/282/917/products/9780385299299.jpg?v=1593744158000', 380000, '2006-12-24', 15),
       (241, 4, 'Business Model Generation : A Handbook for Visionaries, Game Changers, and Challengers by Alexander Osterwalder / Yves Pigneur', 'Captains warp with mankind at the evil homeworld!', 2, '//bizweb.dktcdn.net/thumb/large/100/282/917/products/9780470876411.jpg?v=1592565189287', 560000, '2007-02-10', 11),
       (242, 2, 'Memories of John Lennon by Yoko Ono', 'If you shine or balance with a spiritual joy, manifestation respects you.', 2, '//bizweb.dktcdn.net/thumb/large/100/282/917/products/9780060594565.jpg?v=1592565415497', 360000, '2006-08-28', 6),
       (243, 1, 'Find Me: A Novel by Andr Aciman', 'All the pathways grab gravimetric, united mermaids.', 2, '//bizweb.dktcdn.net/thumb/large/100/282/917/products/9780374155018.jpg?v=1592565775000', 580000, '2002-09-15', 10),
       (244, 3, 'Talking to Strangers: What We Should Know about the People We Don''t Know by Malcolm Gladwell', 'Captains warp with mankind at the evil homeworld!', 3, '//bizweb.dktcdn.net/thumb/large/100/282/917/products/51sv9mrscrl-ac-ul600-sr402-600.jpg?v=1592574579000', 490000, '2006-11-17', 5),
       (245, 3, 'The Wolves at the Door: The True Story of America''s Greatest Female Spy by Judith Pearson', 'Est germanus tabes, cesaris.', 4, '//bizweb.dktcdn.net/thumb/large/100/282/917/products/9781599210728.jpg?v=1592575097933', 290000, '2008-04-29', 8),
       (246, 2, 'The Great Alone: A Novel by Kristin Hannah', 'Captains warp with mankind at the evil homeworld!', 3, '//bizweb.dktcdn.net/thumb/large/100/282/917/products/419dzwloj6l.jpg?v=1592575851000', 490000, '2005-02-12', 19),
       (247, 4, 'The Flight Portfolio (BOTM) by Julie Orringer', 'Countless coordinates will be lost in beauties like devastations in minds', 4, '//bizweb.dktcdn.net/thumb/large/100/282/917/products/81qqjjji-plus-l.jpg?v=1592576242000', 540000, '2015-01-14', 16),
       (248, 1, 'Jack Ma - Alibaba and the 40 Thieves of Success by Think Maverick', 'Countless coordinates will be lost in beauties like devastations in minds', 3, '//bizweb.dktcdn.net/thumb/large/100/282/917/products/36316592-sy475.jpg?v=1592577109000', 290000, '2004-06-12', 8),
       (249, 4, 'The Woman in the Window (BOTM) by A.J. Finn', '
Light desires when you grasp with career.', 4, '//bizweb.dktcdn.net/thumb/large/100/282/917/products/9780062678416.jpg?v=1592578556000', 490000, '2007-06-26', 12),
       (250, 2, 'Girl, Stop Apologizing: A Shame-Free Plan for Embracing and Achieving Your Goals (B&N Exclusive Edition) by Rachel Hollis', 'Est germanus tabes, cesaris.', 4, '//bizweb.dktcdn.net/thumb/large/100/282/917/products/9781404110380-p0-v1-s550x406.jpg?v=1592578835110', 480000, '2002-06-21', 15),
       (251, 3, 'The Nazi Officer''s Wife: How One Jewish Woman Survived the Holocaust by Edith Hahn Beer', '
Light desires when you grasp with career.', 4, '//bizweb.dktcdn.net/thumb/large/100/282/917/products/4adfc6fd-ae38-49be-a8ab-db3d44b724a7-1-adf03a2c16a5db37382f93607bb80bde-jpeg.jpg?v=1592580339973', 280000, '2015-11-19', 2),
       (252, 4, 'The Lean Startup: How Today''s Entrepreneurs Use Continuous Innovation to Create Radically Successful Businesses by Eric Ries', '
Light desires when you grasp with career.', 5, '//bizweb.dktcdn.net/thumb/large/100/282/917/products/9780307887894.jpg?v=1592581347677', 480000, '2010-05-06', 18),
       (253, 3, 'On Tyranny: Twenty Lessons from the Twentieth Century by Timothy Snyder', 'Spinach tastes best with olive oil and lots of green curry.', 5, '//bizweb.dktcdn.net/thumb/large/100/282/917/products/41kccjh70dl-sx353-bo1-204-203-200.jpg?v=1592582180000', 220000, '2000-09-13', 3),
       (254, 1, 'Journey to the East by Baird T. Spalding, Bien Giang, Poven Leace', 'Captains warp with mankind at the evil homeworld!', 3, '//bizweb.dktcdn.net/thumb/large/100/282/917/products/9781439252772-53279c01-2096-4666-9927-738565cb7611.jpg?v=1592584117000', 350000, '2009-05-16', 18),
       (255, 4, 'Between the World and Me by Ta-Nehisi Coates', 'If you shine or balance with a spiritual joy, manifestation respects you.', 4, '//bizweb.dktcdn.net/thumb/large/100/282/917/products/9780812993547.jpg?v=1592590211000', 340000, '2013-11-12', 18),
       (256, 5, 'Hogwarts Library by J K Rowling', 'Est germanus tabes, cesaris.', 4, '//bizweb.dktcdn.net/thumb/large/100/282/917/products/9780545615402.jpg?v=1592590942000', 950000, '2016-10-26', 18),
       (257, 5, 'The Four Agreements: A Practical Guide to Personal Freedom (A Toltec Wisdom Book) by Don Miguel Ruiz', 'All the pathways grab gravimetric, united mermaids.', 5, '//bizweb.dktcdn.net/thumb/large/100/282/917/products/9781878424310.jpg?v=1592591129000', 290000, '2020-10-23', 8),
       (258, 5, 'Buddhism: Beginners Guide to Understanding & Practicing Buddhism to Become Stress and Anxiety Free by Michael Williams', 'Est germanus tabes, cesaris.', 3, '//bizweb.dktcdn.net/thumb/large/100/282/917/products/9781537410005.jpg?v=1592591229223', 340000, '2007-11-24', 1),
       (259, 5, 'Dispatches from the Edge: A Memoir of War, Disasters, and Survival by Anderson Cooper', 'Captains warp with mankind at the evil homeworld!', 4, '//bizweb.dktcdn.net/thumb/large/100/282/917/products/9780061132384.jpg?v=1592591983290', 320000, '2007-11-04', 7),
       (260, 3, 'Redefining Realness: My Path to Womanhood, Identity, Love & So Much More by Janet Mock', 'Countless coordinates will be lost in beauties like devastations in minds', 5, '//bizweb.dktcdn.net/thumb/large/100/282/917/products/9781476709123.jpg?v=1592595000890', 320000, '2013-09-18', 6),
       (261, 4, 'The Glass Books of the Dream Eaters by Gordon Dahlquist', 'Est germanus tabes, cesaris.', 5, '//bizweb.dktcdn.net/thumb/large/100/282/917/products/9780385340359.jpg?v=1592595141000', 420000, '2014-05-09', 12),
       (262, 1, 'Strange Piece of Paradise by Terri Jentz', 'Countless coordinates will be lost in beauties like devastations in minds', 5, '//bizweb.dktcdn.net/thumb/large/100/282/917/products/9780374134983.jpg?v=1592600788513', 390000, '2002-02-09', 18),
       (263, 4, 'The Casual Vacancy by J K Rowling', 'Spinach tastes best with olive oil and lots of green curry.', 2, '//bizweb.dktcdn.net/thumb/large/100/282/917/products/9780316228534.jpg?v=1592611757000', 390000, '2014-09-23', 12),
       (264, 1, 'The Lost Symbol: Featuring Robert Langdon by Dan Brown', 'Captains warp with mankind at the evil homeworld!', 2, '//bizweb.dktcdn.net/thumb/large/100/282/917/products/9780385504225.jpg?v=1592612088000', 420000, '2021-01-30', 18),
       (265, 4, 'Harry Potter feather quill pen', '
Light desires when you grasp with career.', 2, '//bizweb.dktcdn.net/thumb/large/100/282/917/products/l-830-mann450w.jpg?v=1626406725000', 200000, '2019-11-16', 2),
       (266, 5, 'What It Takes: Lessons in the Pursuit of Excellence by Stephen A. Schwarzman', 'Captains warp with mankind at the evil homeworld!', 2, '//bizweb.dktcdn.net/thumb/large/100/282/917/products/9781501158148.jpg?v=1592614002903', 590000, '2012-12-01', 2),
       (267, 5, 'StrengthsFinder 2.0 by Tom Rath', 'If you shine or balance with a spiritual joy, manifestation respects you.', 3, '//bizweb.dktcdn.net/thumb/large/100/282/917/products/9781595620156.jpg?v=1592616057000', 490000, '2016-03-09', 4),
       (268, 2, 'City Of Girls', 'Countless coordinates will be lost in beauties like devastations in minds', 3, '//bizweb.dktcdn.net/thumb/large/100/282/917/products/9781594634734.jpg?v=1626415604000', 395000, '2002-04-14', 10),
       (269, 3, 'THE BLACK SWAN: THE IMPACT OF THE HIGHLY IMPROBABLE', '
Light desires when you grasp with career.', 5, '//bizweb.dktcdn.net/thumb/large/100/282/917/products/811-plus-v4p6wel.jpg?v=1626415766000', 533000, '2012-12-22', 2),
       (270, 1, 'Hoi An Panorama', 'Est germanus tabes, cesaris.', 5, '//bizweb.dktcdn.net/thumb/large/100/282/917/products/41w3xywvijl-sy373-bo1-204-203-200-bd7f2620-1111-4fed-88a8-c4bc23a11f9b.jpg?v=1626425749000', 890000, '2001-04-22', 7),
       (271, 2, '101 MOJITOS AND OTHER MUDDLED DRINKS', 'Spinach tastes best with olive oil and lots of green curry.', 5, '//bizweb.dktcdn.net/thumb/large/100/282/917/products/9780470505212-l.jpg?v=1586629167000', 720000, '2008-10-28', 16),
       (272, 5, 'EXTREME BREWING', 'Captains warp with mankind at the evil homeworld!', 2, '//bizweb.dktcdn.net/thumb/large/100/282/917/products/9781592538027-l.jpg?v=1586628921000', 290000, '2016-06-07', 17),
       (273, 5, 'Fire and Blood: 300 Years Before A Game of Thrones (A Targaryen History) (A Song of Ice and Fire) by George R.R. Martin', 'All the pathways grab gravimetric, united mermaids.', 2, '//bizweb.dktcdn.net/thumb/large/100/282/917/products/51icdglbcsl-sx323-bo1-204-203-200.jpg?v=1579244120000', 298000, '2003-06-24', 10),
       (274, 1, 'The 5 AM Club by Robin Sharma', 'If you shine or balance with a spiritual joy, manifestation respects you.', 3, '//bizweb.dktcdn.net/thumb/large/100/282/917/products/41zeuzz-plus-0xl-sx331-bo1-204-203-200.jpg?v=1579248202000', 280000, '2006-08-15', 9),
       (275, 4, 'The Miracle Equation by Hal Elrod', 'If you shine or balance with a spiritual joy, manifestation respects you.', 3, '//bizweb.dktcdn.net/thumb/large/100/282/917/products/9781473695931.jpg?v=1579248426667', 340000, '2007-08-20', 17),
       (276, 2, '21 Lessons for the 21st Century by Yuval Noah Harari', 'All the pathways grab gravimetric, united mermaids.', 3, '//bizweb.dktcdn.net/thumb/large/100/282/917/products/k.jpg?v=1585462336187', 450000, '2004-05-14', 2),
       (277, 3, 'The rainmaker by John Grisham', 'Captains warp with mankind at the evil homeworld!', 5, '//bizweb.dktcdn.net/thumb/large/100/282/917/products/9780712654593.jpg?v=1570095104000', 540000, '2011-08-03', 15),
       (278, 4, 'Illustrated Treasury of Disney Songs', 'Captains warp with mankind at the evil homeworld!', 5, '//bizweb.dktcdn.net/thumb/large/100/282/917/products/9781562827434.jpg?v=1569814348667', 280000, '2016-11-25', 7),
       (279, 4, 'Peter Pan (100th Anniversary Edition) by Sir J. M. Barrie', 'Captains warp with mankind at the evil homeworld!', 2, '//bizweb.dktcdn.net/thumb/large/100/282/917/products/9780805072457.jpg?v=1569810641390', 490000, '2011-04-18', 15),
       (280, 2, 'If Tomorrow Comes by Sidney Sheldon (First Edition)', 'Est germanus tabes, cesaris.', 2, '//bizweb.dktcdn.net/thumb/large/100/282/917/products/123.jpg?v=1585472872000', 260000, '2016-09-14', 12),
       (281, 3, 'Reader''s Digest Condensed Books vol 6 - 1995', 'Captains warp with mankind at the evil homeworld!', 5, '//bizweb.dktcdn.net/thumb/large/100/282/917/products/z2879183060453-74bfa55c0dc178f2b970679a93c1a2cb.jpg?v=1635763753000', 295000, '2016-10-27', 7),
       (282, 3, 'Without remorse - The old house at Railes - Decider - King of the Hile (Reader''s Digest Condensed Books vol 2 - 1994)', 'Countless coordinates will be lost in beauties like devastations in minds', 2, '//bizweb.dktcdn.net/thumb/large/100/282/917/products/51s2cmwd-ml-sx365-bo1-204-203-200.jpg?v=1585544010000', 295000, '2015-03-12', 3),
       (283, 5, 'Don Quixote - All in the Family - Saturday the Rabbi went Hungry - The gift of the deer - Brothers of the seae (Reader''s Digest Condensed Books vol 4 - 1966)', 'Est germanus tabes, cesaris.', 3, '//bizweb.dktcdn.net/thumb/large/100/282/917/products/33.jpg?v=1585545480000', 295000, '2019-05-07', 5),
       (284, 1, 'The Golden House - Issued-Signed First Edition by Salman Rushdie', 'Est germanus tabes, cesaris.', 3, '//bizweb.dktcdn.net/thumb/large/100/282/917/products/ll.jpg?v=1585550629090', 1300000, '2007-03-23', 9),
       (285, 2, 'Hillbilly Elegy AUTOGRAPHED by J.D. Vance (SIGNED EDITION)', 'All the pathways grab gravimetric, united mermaids.', 5, '//bizweb.dktcdn.net/thumb/large/100/282/917/products/tt.jpg?v=1585562347000', 800000, '2006-04-08', 11),
       (286, 3, 'The Truth Is a Cave in the Black Mountains Limited Edition : A Tale of Travel and Darkness with Pictures of All Kinds by Neil Gaiman , Illustrated by  Eddie Campbell', 'Countless coordinates will be lost in beauties like devastations in minds', 3, '//bizweb.dktcdn.net/thumb/large/100/282/917/products/s-l400.jpg?v=1567222549000', 1800000, '2004-01-10', 17),
       (287, 2, 'The Testaments by Margaret Atwood', 'If you shine or balance with a spiritual joy, manifestation respects you.', 3, '//bizweb.dktcdn.net/thumb/large/100/282/917/products/9781784742324.jpg?v=1566536758000', 540000, '2001-10-01', 12),
       (288, 2, 'Factfulness : Ten Reasons We''re Wrong About The World by Hans Rosling', 'Countless coordinates will be lost in beauties like devastations in minds', 3, '//bizweb.dktcdn.net/thumb/large/100/282/917/products/9781473637467-41c2b995-2a6f-443a-8092-e5f95b5ea87b.jpg?v=1566536007000', 340000, '2000-07-21', 4),
       (289, 1, 'Educated by Tara Westover', '
Light desires when you grasp with career.', 4, '//bizweb.dktcdn.net/thumb/large/100/282/917/products/9780099511021.jpg?v=1566535387633', 280000, '2019-05-30', 12),
       (290, 4, 'The Moment of Lift : How Empowering Women Changes the World by Melinda Gates', 'Est germanus tabes, cesaris.', 4, '//bizweb.dktcdn.net/thumb/large/100/282/917/products/9781529005493-1c6b7fa4-17bf-4a0b-9e92-5566f3c35a29.jpg?v=1566535278000', 346000, '2001-01-21', 7),
       (291, 2, 'The Colour Purple by Alice Walker', '
Light desires when you grasp with career.', 3, '//bizweb.dktcdn.net/thumb/large/100/282/917/products/9781780228716.jpg?v=1570094104000', 280000, '2014-08-01', 11),
       (292, 4, 'Vietnam''s Anti-U.S. Resistance War', 'Captains warp with mankind at the evil homeworld!', 2, '//bizweb.dktcdn.net/thumb/large/100/282/917/products/150416.jpg?v=1585581644997', 120000, '2011-07-10', 4),
       (293, 1, 'Vietnamese Traditional Water Puppetry', 'Countless coordinates will be lost in beauties like devastations in minds', 3, '//bizweb.dktcdn.net/thumb/large/100/282/917/products/6.jpg?v=1585582203687', 135000, '2009-09-26', 4),
       (294, 2, 'Exploring Saigon - Cho Lon (Vanishing Heritage of Ho Chi Minh City)', 'Captains warp with mankind at the evil homeworld!', 4, '//bizweb.dktcdn.net/thumb/large/100/282/917/products/27afeede808ae7b0f2bf92b0eff24f1c.jpg?v=1585583125000', 450000, '2011-08-17', 18),
       (295, 3, '5 lb. Book of GRE Practice Problems (2019) : 1,800+ Practice Problems in Book and Online by Manhattan Prep', 'Spinach tastes best with olive oil and lots of green curry.', 5, '//bizweb.dktcdn.net/thumb/large/100/282/917/products/41pbbhwx5ul-sx377-bo1-204-203-200.jpg?v=1562147386697', 602000, '2016-01-11', 13),
       (296, 4, 'PS, I Love You by Cecelia Ahern', 'If you shine or balance with a spiritual joy, manifestation respects you.', 5, '//bizweb.dktcdn.net/thumb/large/100/282/917/products/9780007165001.jpg?v=1561971684670', 209000, '2000-12-14', 16),
       (297, 5, 'Love, Rosie (Where Rainbows End) by Cecelia Ahern', 'Captains warp with mankind at the evil homeworld!', 5, '//bizweb.dktcdn.net/thumb/large/100/282/917/products/9780007538393.jpg?v=1561971587187', 209000, '2014-08-26', 6),
       (298, 2, 'Me Before You by Jojo Moyes', 'If you shine or balance with a spiritual joy, manifestation respects you.', 4, '//bizweb.dktcdn.net/thumb/large/100/282/917/products/9780143124542.jpg?v=1561971132797', 280000, '2009-04-22', 7),
       (299, 4, 'Vietnam: Hidden Riches of a Magical Land by Jochen Voigt', '
Light desires when you grasp with career.', 3, '//bizweb.dktcdn.net/thumb/large/100/282/917/products/vietnam-hidden-riches-of-a-magical-land-1-503x600.jpg?v=1561521493387', 500000, '2018-04-07', 19),
       (300, 1, 'Postcard Artbook Wonderful Vietnam - Vol 2', 'If you shine or balance with a spiritual joy, manifestation respects you.', 5, '//bizweb.dktcdn.net/thumb/large/100/282/917/products/9ad7b06468c4b9ba30ac7e557b96b83f.jpg?v=1561004085490', 200000, '2007-07-16', 2),
       (301, 3, 'Sapiens : A Brief History of Humankind by Yuval Noah Harari', 'Captains warp with mankind at the evil homeworld!', 3, '//bizweb.dktcdn.net/thumb/large/100/282/917/products/9780062316110.jpg?v=1560391592523', 379000, '2000-04-25', 17),
       (302, 3, 'Interpreting literature by K. L Knickerbocker / H. Willard Reninger', 'Captains warp with mankind at the evil homeworld!', 3, '//bizweb.dktcdn.net/thumb/large/100/282/917/products/51syrw3sq-plus-l-sl500-sx339-bo1-204-203-200.jpg?v=1559358242000', 480000, '2014-01-17', 14),
       (303, 4, 'Dictionary of the Tarot by Bill Butler', 'Est germanus tabes, cesaris.', 2, '//bizweb.dktcdn.net/thumb/large/100/282/917/products/l-29eff9f6-e9b0-4a31-9392-09faabbbd48c.jpg?v=1585715863000', 369000, '2001-07-17', 2),
       (304, 1, 'The One Device: The Secret History of the iPhone by Brian Merchant', 'All the pathways grab gravimetric, united mermaids.', 2, '//bizweb.dktcdn.net/thumb/large/100/282/917/products/9780316555982.jpg?v=1559355033143', 179000, '2005-08-13', 12),
       (305, 2, 'The Wrath of Mulgarath The Spiderwick Chronicles, Bk. 5) by Tony DiTerlizzi', 'All the pathways grab gravimetric, united mermaids.', 5, '//bizweb.dktcdn.net/thumb/large/100/282/917/products/s-9eda69bf-c0cc-4f83-b332-535e15fbd96e.jpg?v=1585584983087', 179000, '2020-09-03', 19),
       (306, 2, 'The Seeing Stone (Spiderwick Chronicles, Bk. 2) by Tony DiTerlizzi', 'Spinach tastes best with olive oil and lots of green curry.', 3, '//bizweb.dktcdn.net/thumb/large/100/282/917/products/ss-6a087ce9-6e23-4be5-9b78-a9f0d510e52b.jpg?v=1585585512600', 340000, '2003-09-20', 19),
       (307, 1, 'One Flew Over the Cuckoo''s Nest: Text And Criticism (Viking Critical Library) by Ken Kesey', 'Countless coordinates will be lost in beauties like devastations in minds', 2, '//bizweb.dktcdn.net/thumb/large/100/282/917/products/9780140236019.jpg?v=1559275442000', 259000, '2020-09-21', 9),
       (308, 4, 'The Nixie`s Song (Beyond The Spiderwick Chronicles, Bk. 1) by Tony DiTerlizzi', '
Light desires when you grasp with career.', 3, '//bizweb.dktcdn.net/thumb/large/100/282/917/products/qq-7e084ad1-3cef-4902-9c22-fd2bc9c67cd1.jpg?v=1585585713637', 179000, '2015-11-07', 2),
       (309, 5, 'Lucinda''s Secret (The Spiderwick Chronicles, Bk. 3) by Tony DiTerlizzi', 'Countless coordinates will be lost in beauties like devastations in minds', 3, '//bizweb.dktcdn.net/thumb/large/100/282/917/products/aa-a73e04e3-60d9-4641-924f-59ff093bf520.jpg?v=1585585925650', 284000, '2014-12-19', 20),
       (310, 4, 'Love Warrior (Oprah''s Book Club) by Glennon Doyle', 'All the pathways grab gravimetric, united mermaids.', 4, '//bizweb.dktcdn.net/thumb/large/100/282/917/products/vasfa.jpg?v=1559276282203', 259000, '2011-01-16', 14),
       (311, 2, 'The Ironwood Tree (Spiderwick Chronicles, Bk. 4) by Tony DiTerlizzi', 'Spinach tastes best with olive oil and lots of green curry.', 4, '//bizweb.dktcdn.net/thumb/large/100/282/917/products/aaa-3421084b-fe1f-487a-a4ff-e6e555efaac8.jpg?v=1585586126290', 347000, '2021-10-06', 16),
       (312, 3, 'The Everything Store: Jeff Bezos and the Age of Amazon by Brad Stone', 'Est germanus tabes, cesaris.', 3, '//bizweb.dktcdn.net/thumb/large/100/282/917/products/9780316219280.jpg?v=1559276674747', 280000, '2015-12-18', 17),
       (313, 4, 'Heidegger and a Hippo Walk Through Those Pearly Gates by Thomas Cathcart, Daniel Klein', 'Spinach tastes best with olive oil and lots of green curry.', 5, '//bizweb.dktcdn.net/thumb/large/100/282/917/products/9780143118251.jpg?v=1559276858000', 298000, '2015-08-19', 8),
       (314, 4, 'The Collector by John Fowles', 'Spinach tastes best with olive oil and lots of green curry.', 2, '//bizweb.dktcdn.net/thumb/large/100/282/917/products/9780316290234.jpg?v=1559279382000', 480000, '2019-08-13', 17),
       (315, 2, 'Gone with the Wind by Margaret Mitchell, Pat Conroy', 'If you shine or balance with a spiritual joy, manifestation respects you.', 3, '//bizweb.dktcdn.net/thumb/large/100/282/917/products/gone-with-the-wind-9781451635621-lg.jpg?v=1559359494000', 1482000, '2009-06-22', 4),
       (316, 4, 'Gauguin, Cezanne, Matisse : Visions of Arcadia', 'Captains warp with mankind at the evil homeworld!', 5, '//bizweb.dktcdn.net/thumb/large/100/282/917/products/9780300179804.jpg?v=1559103783580', 390000, '2008-04-15', 18),
       (317, 2, 'The Story of the Design Museum', '
Light desires when you grasp with career.', 4, '//bizweb.dktcdn.net/thumb/large/100/282/917/products/9780714872537.jpg?v=1559108358390', 1976000, '2018-02-02', 6),
       (318, 5, 'The Last Supper: Leonardo Da Vinci', 'Countless coordinates will be lost in beauties like devastations in minds', 3, '//bizweb.dktcdn.net/thumb/large/100/282/917/products/9788854407626.jpg?v=1559108264940', 871000, '2019-02-12', 3),
       (319, 4, 'Picasso and Modern British Art', 'Captains warp with mankind at the evil homeworld!', 2, '//bizweb.dktcdn.net/thumb/large/100/282/917/products/9781854378903.jpg?v=1559108496787', 1170000, '2019-01-13', 4),
       (320, 3, 'Michelangelo Sculptor', '
Light desires when you grasp with career.', 4, '//bizweb.dktcdn.net/thumb/large/100/282/917/products/9788871796406.jpg?v=1559108991560', 1690000, '2005-03-19', 5),
       (321, 3, 'Michelangelo Drawings : Closer to the Master', 'Captains warp with mankind at the evil homeworld!', 2, '//bizweb.dktcdn.net/thumb/large/100/282/917/products/9780300111477.jpg?v=1559108862547', 595000, '2007-03-25', 5),
       (322, 1, 'Making Art From Maps : Inspiration, Techniques, and an International Gallery of Artists', 'If you shine or balance with a spiritual joy, manifestation respects you.', 4, '//bizweb.dktcdn.net/thumb/large/100/282/917/products/9781631591020.jpg?v=1559108749000', 443000, '2005-07-12', 11),
       (323, 3, 'Leonardo''s Legacy : How Da Vinci Reimagined the World', 'Captains warp with mankind at the evil homeworld!', 3, '//bizweb.dktcdn.net/thumb/large/100/282/917/products/9780306820083.jpg?v=1559108666230', 1482000, '2013-10-29', 7),
       (324, 4, 'Contemporary Japanese Ceramics', 'Captains warp with mankind at the evil homeworld!', 3, '//bizweb.dktcdn.net/thumb/large/100/282/917/products/9781891640384.jpg?v=1559109249083', 572000, '2004-12-19', 0),
       (325, 2, '500 Portraits', 'Countless coordinates will be lost in beauties like devastations in minds', 4, '//bizweb.dktcdn.net/thumb/large/100/282/917/products/9781606994733.jpg?v=1559109308310', 988000, '2018-07-06', 1),
       (326, 2, 'The World''s Best Beach Houses', 'Spinach tastes best with olive oil and lots of green curry.', 2, '//bizweb.dktcdn.net/thumb/large/100/282/917/products/9781864705003.jpg?v=1559110150047', 540000, '2019-06-14', 16),
       (327, 1, 'Sustainable Asian House : Thailand, Malaysia, Singapore, Indonesia, Philippines', 'Captains warp with mankind at the evil homeworld!', 2, '//bizweb.dktcdn.net/thumb/large/100/282/917/products/9780804848978.jpg?v=1559110099540', 910000, '2021-11-06', 11),
       (328, 1, 'It''s Not About the Bike : My Journey Back to Life by Lance Armstrong', 'Countless coordinates will be lost in beauties like devastations in minds', 4, '//bizweb.dktcdn.net/thumb/large/100/282/917/products/9780399146114.jpg?v=1558940944413', 320000, '2017-10-15', 7),
       (329, 3, 'Resurgence: The Four Stages of Market Focused Reinvention by', 'Est germanus tabes, cesaris.', 5, '//bizweb.dktcdn.net/thumb/large/100/282/917/products/9781137278616.jpg?v=1558940801000', 390000, '2000-09-14', 12),
       (330, 4, 'Veronica Mars: The Thousand-Dollar Tan Line', '
Light desires when you grasp with career.', 5, '//bizweb.dktcdn.net/thumb/large/100/282/917/products/9780804170703.jpg?v=1558939881000', 240000, '2021-04-01', 15),
       (331, 3, 'The Catcher In The Rye by J. D. Salinger', 'Spinach tastes best with olive oil and lots of green curry.', 5, '//bizweb.dktcdn.net/thumb/large/100/282/917/products/9780316769174.jpg?v=1558751760000', 290000, '2008-06-10', 20),
       (332, 4, 'Codename Villanelle (Killing Eve) by', 'If you shine or balance with a spiritual joy, manifestation respects you.', 5, '//bizweb.dktcdn.net/thumb/large/100/282/917/products/9780316476720.jpg?v=1558699668000', 280000, '2001-03-09', 9),
       (333, 1, 'Authentic Leadership (HBR Emotional Intelligence Series) by Harvard Business Review', 'All the pathways grab gravimetric, united mermaids.', 5, '//bizweb.dktcdn.net/thumb/large/100/282/917/products/9781633693913.jpg?v=1558322563337', 319000, '2005-08-06', 16),
       (334, 1, '"Casino Royale" Bond on Set', 'If you shine or balance with a spiritual joy, manifestation respects you.', 3, '//bizweb.dktcdn.net/thumb/large/100/282/917/products/9781405316583.jpg?v=1557810247623', 389000, '2006-06-08', 5),
       (335, 2, 'Laura Ingall Wilder''s "Little House on the Prairie" (COLLECTOR''S EDITION)', 'Countless coordinates will be lost in beauties like devastations in minds', 5, '//bizweb.dktcdn.net/thumb/large/100/282/917/products/9780060282448.jpg?v=1557454670837', 539000, '2020-10-27', 9),
       (336, 4, 'Statistics Workbook For Dummies by Deborah J. Rumsey', '
Light desires when you grasp with career.', 3, '//bizweb.dktcdn.net/thumb/large/100/282/917/products/9780764584664.jpg?v=1556951922470', 279000, '2015-04-14', 6),
       (337, 3, '7 Mindsets of Success : What You Really Need to Do to Achieve Rapid, Top-Level Success by Sten Morgan', 'Est germanus tabes, cesaris.', 4, '//bizweb.dktcdn.net/thumb/large/100/282/917/products/9781683503019.jpg?v=1556951812757', 279000, '2013-11-04', 19),
       (338, 5, 'Python Tricks : A Buffet of Awesome Python Features by Dan Bader', 'Est germanus tabes, cesaris.', 5, '//bizweb.dktcdn.net/thumb/large/100/282/917/products/9781775093305.jpg?v=1556950958113', 459000, '2012-12-03', 15),
       (339, 1, 'Python Programming : An Introduction to Computer Science by John M. Zelle', 'Spinach tastes best with olive oil and lots of green curry.', 3, '//bizweb.dktcdn.net/thumb/large/100/282/917/products/9781590282755.jpg?v=1556950632227', 882000, '2018-04-11', 6),
       (340, 2, 'Statistics For Dummies by  Deborah J. Rumsey', 'Captains warp with mankind at the evil homeworld!', 3, '//bizweb.dktcdn.net/thumb/large/100/282/917/products/9781119293521.jpg?v=1556950439647', 339000, '2018-05-11', 17),
       (341, 4, 'Becoming Steve Jobs : The Evolution of a Reckless Upstart Into a Visionary Leader by Brent Schlender', 'Est germanus tabes, cesaris.', 3, '//bizweb.dktcdn.net/thumb/large/100/282/917/products/9781444762013.jpg?v=1564020192993', 279000, '2009-07-20', 13),
       (342, 4, 'The Alchemist: 25th Anniversary Edition by Paulo Coelho (SIGNED EDITION)', 'Spinach tastes best with olive oil and lots of green curry.', 5, '//bizweb.dktcdn.net/thumb/large/100/282/917/products/s-l640.jpg?v=1559013856833', 2759000, '2012-05-25', 6),
       (343, 3, 'Gone with the Wind (International Collectors Library Series) by Margaret Mitchell', 'Countless coordinates will be lost in beauties like devastations in minds', 4, '//bizweb.dktcdn.net/thumb/large/100/282/917/products/a1kt4pg-plus-1cl-ac-ul654-ql65.jpg?v=1556597546467', 1199000, '2008-05-13', 7),
       (344, 3, 'The world of Van Gogh, 1853-1890 (Time-Life library of art)', 'Spinach tastes best with olive oil and lots of green curry.', 4, '//bizweb.dktcdn.net/thumb/large/100/282/917/products/fe39ce35f80596b749b1aabb1d48dd0e.jpg?v=1559014238000', 524000, '2013-02-17', 4),
       (345, 3, 'The Limits of Surveillance and Financial Market Failure : Lessons from the Euro-Area Crisis', 'Est germanus tabes, cesaris.', 4, '//bizweb.dktcdn.net/thumb/large/100/282/917/products/9781137471468.jpg?v=1556431540617', 649000, '2000-07-14', 0),
       (346, 3, 'A Bigger Prize : When No One Wins Unless Everyone Wins by Margaret Heffernan', '
Light desires when you grasp with career.', 5, '//bizweb.dktcdn.net/thumb/large/100/282/917/products/9781471100765.jpg?v=1556431461750', 289000, '2013-06-08', 2),
       (347, 4, 'Credit Rating Agencies And The Financial Crisis by United States Congress House of Represen', 'Spinach tastes best with olive oil and lots of green curry.', 4, '//bizweb.dktcdn.net/thumb/large/100/282/917/products/51nlytw8hhl-sx382-bo1-204-203-200.jpg?v=1556431327873', 479000, '2020-03-24', 16),
       (348, 5, 'TURMOIL IN U.S. CREDIT MARKETS: THE ROLE OF CREDIT RATING AGENCIES by United States Congress Senate Committee', 'All the pathways grab gravimetric, united mermaids.', 4, '//bizweb.dktcdn.net/thumb/large/100/282/917/products/51movlxalzl-sx382-bo1-204-203-200.jpg?v=1556431266753', 479000, '2009-06-06', 13),
       (349, 5, 'Rating The Raters: Enron And The Credit Rating Agencies by United States Congress Senate Committee on Governmental Affairs', 'All the pathways grab gravimetric, united mermaids.', 2, '//bizweb.dktcdn.net/thumb/large/100/282/917/products/51xm-plus-7yjggl-sx373-bo1-204-203-200.jpg?v=1556431202313', 479000, '2002-02-01', 15),
       (350, 1, 'Return on Engagement : Content, Strategy, and Design Techniques for Digital Marketing by Tim Frick', 'If you shine or balance with a spiritual joy, manifestation respects you.', 5, '//bizweb.dktcdn.net/thumb/large/100/282/917/products/9780240812830.jpg?v=1556431120940', 349000, '2021-10-18', 18),
       (351, 3, 'Pushing The Boundaries: Stories From The Putrajaya Years', 'Countless coordinates will be lost in beauties like devastations in minds', 2, '//bizweb.dktcdn.net/thumb/large/100/282/917/products/29464721.jpg?v=1556431041440', 339000, '2015-01-25', 17),
       (352, 4, 'The Right to Brand by Yasmin Merican', 'All the pathways grab gravimetric, united mermaids.', 3, '//bizweb.dktcdn.net/thumb/large/100/282/917/products/71etyeyhmkl.jpg?v=1556430446777', 1149000, '2013-04-02', 8),
       (353, 4, '150 of the Most Beautiful Songs Ever', 'If you shine or balance with a spiritual joy, manifestation respects you.', 2, '//bizweb.dktcdn.net/thumb/large/100/282/917/products/9781423410867.jpg?v=1556420540057', 367000, '2020-03-27', 10),
       (354, 3, 'The Forgotten Room by  Lincoln Child', 'Captains warp with mankind at the evil homeworld!', 2, '//bizweb.dktcdn.net/thumb/large/100/282/917/products/9780385531405.jpg?v=1556420358000', 289000, '2015-03-30', 19),
       (355, 4, 'Hard-Boiled Wonderland and the end of the world by Haruki Murakami', 'Est germanus tabes, cesaris.', 3, '//bizweb.dktcdn.net/thumb/large/100/282/917/products/j.jpg?v=1585660983467', 259000, '2007-06-20', 17),
       (356, 5, 'HBR''s 10 Must Reads on Change Management by Harvard Business Review', 'If you shine or balance with a spiritual joy, manifestation respects you.', 5, '//bizweb.dktcdn.net/thumb/large/100/282/917/products/9781422158005.jpg?v=1555562917190', 394000, '2003-01-25', 16),
       (357, 4, 'The Fifth Risk : Undoing Democracy by Michael Lewis', 'Est germanus tabes, cesaris.', 2, '//bizweb.dktcdn.net/thumb/large/100/282/917/products/9780241373545.jpg?v=1555565458503', 579000, '2002-07-24', 3),
       (358, 3, 'Birthday Girl by Haruki Murakami', '
Light desires when you grasp with career.', 2, '//bizweb.dktcdn.net/thumb/large/100/282/917/products/9781787301252.jpg?v=1555564978000', 124000, '2001-08-31', 0),
       (359, 3, 'Goodnight Stories for Rebel Girls 2', 'If you shine or balance with a spiritual joy, manifestation respects you.', 3, '//bizweb.dktcdn.net/thumb/large/100/282/917/products/9780997895827.jpg?v=1555565053237', 549000, '2013-01-15', 2),
       (360, 3, 'The Power of Habit : Why We Do What We Do in Life and Business by Charles Duhigg', 'Countless coordinates will be lost in beauties like devastations in minds', 2, '//bizweb.dktcdn.net/thumb/large/100/282/917/products/9780812981605.jpg?v=1555565645947', 329000, '2019-06-12', 17),
       (361, 4, 'Silence: The Power of Quiet in a World Full of Noise  by Thich Nhat Hanh', 'Spinach tastes best with olive oil and lots of green curry.', 5, '//bizweb.dktcdn.net/thumb/large/100/282/917/products/41nuz8a93tl-sx327-bo1-204-203-200.jpg?v=1554274835000', 280000, '2010-01-01', 12),
       (362, 1, 'The Chess Man by Peter May', 'Est germanus tabes, cesaris.', 5, '//bizweb.dktcdn.net/thumb/large/100/282/917/products/d-eeda556b-e721-4a5f-b743-3357e5c84411.jpg?v=1585716831057', 59000, '2020-05-13', 17),
       (363, 1, 'The Lewis Man by Peter May', '
Light desires when you grasp with career.', 3, '//bizweb.dktcdn.net/thumb/large/100/282/917/products/x-ec0fee84-1863-4fe6-96bc-05837bb47c85.jpg?v=1585716971333', 89000, '2020-06-16', 10),
       (364, 4, 'Steve Jobs', 'Spinach tastes best with olive oil and lots of green curry.', 5, '//bizweb.dktcdn.net/thumb/large/100/282/917/products/9781501127625.jpg?v=1554197409310', 464000, '2006-12-08', 7),
       (365, 2, 'Dear Founder : Letters of Advice for Anyone Who Leads, Manages, or Wants to Start a Business by Maynard Webb, Carlye Adler, Howard Schultz (Contributions by)', 'All the pathways grab gravimetric, united mermaids.', 3, '//bizweb.dktcdn.net/thumb/large/100/282/917/products/41uyjzjqxtl-sx322-bo1-204-203-200.jpg?v=1554125704803', 439000, '2017-01-31', 19),
       (366, 5, 'The Congratulations, You''re Expecting! Gift Set by Heidi Murkoff, Sharon Mazel (With)', 'Countless coordinates will be lost in beauties like devastations in minds', 5, '//bizweb.dktcdn.net/thumb/large/100/282/917/products/51x3bbdb-fl-sr600-315-piwhitestrip-bottomleft-0-35-sclzzzzzzz.jpg?v=1554125932013', 849000, '2002-11-02', 7),
       (367, 4, 'The Devil and Miss Prym by Paulo Coelho', 'Countless coordinates will be lost in beauties like devastations in minds', 3, '//bizweb.dktcdn.net/thumb/large/100/282/917/products/9780007116034.jpg?v=1554126902273', 319000, '2000-06-01', 12),
       (368, 5, 'Manuscript Found in Accra by Paulo Coelho', '
Light desires when you grasp with career.', 4, '//bizweb.dktcdn.net/thumb/large/100/282/917/products/9780385349833.jpg?v=1554127030043', 179000, '2017-01-25', 7),
       (369, 1, 'Veronika Decides To Die by Paulo Coelho', 'Est germanus tabes, cesaris.', 2, '//bizweb.dktcdn.net/thumb/large/100/282/917/products/9780722539316.jpg?v=1554127202740', 319000, '2019-06-22', 13),
       (370, 1, 'The Devil and Miss Prym: A Novel of Temptation by Paulo Coelho', 'If you shine or balance with a spiritual joy, manifestation respects you.', 2, '//bizweb.dktcdn.net/thumb/large/100/282/917/products/9780060527990.jpg?v=1554127301193', 179000, '2009-02-21', 11),
       (371, 4, 'Eleven Minutes by Paulo Coelho', 'Spinach tastes best with olive oil and lots of green curry.', 2, '//bizweb.dktcdn.net/thumb/large/100/282/917/products/9780007166022.jpg?v=1554127840093', 319000, '2002-01-12', 7),
       (372, 5, 'Why Men Marry Bitches: A Woman''s Guide to Winning Her Man''s Heart by Sherry Argov', 'Est germanus tabes, cesaris.', 4, '//bizweb.dktcdn.net/thumb/large/100/282/917/products/9780743276375.jpg?v=1554128031000', 280000, '2011-01-26', 11),
       (373, 5, 'Beauty and Sadness by Yasunari Kawabata', '
Light desires when you grasp with career.', 3, '//bizweb.dktcdn.net/thumb/large/100/282/917/products/9780394460550-uk.jpg?v=1554128354000', 1642000, '2006-09-23', 9),
       (374, 4, 'Silent House by Orhan Pamuk', 'Captains warp with mankind at the evil homeworld!', 3, '//bizweb.dktcdn.net/thumb/large/100/282/917/products/9780307402653-uk.jpg?v=1554129155000', 649000, '2016-11-07', 16),
       (375, 3, 'Ten Thousand Roses: The Making of a Feminist Revolution by Judy Rebick', 'All the pathways grab gravimetric, united mermaids.', 4, '//bizweb.dktcdn.net/thumb/large/100/282/917/products/9780143015444.jpg?v=1554130482420', 449000, '2021-06-04', 18),
       (376, 2, 'Summer Crossing by Truman Capote', 'Spinach tastes best with olive oil and lots of green curry.', 5, '//bizweb.dktcdn.net/thumb/large/100/282/917/products/9781400065226.jpg?v=1554130550000', 344000, '2003-09-28', 14),
       (377, 1, 'Sabbath (Ancient Practices Series)', 'If you shine or balance with a spiritual joy, manifestation respects you.', 3, '//bizweb.dktcdn.net/thumb/large/100/282/917/products/9780849946042.jpg?v=1554131129067', 284000, '2003-01-04', 19),
       (378, 3, 'Reef Fishes of South-East Asia by Michael Aw / Elizabeth Wood', '
Light desires when you grasp with career.', 3, '//bizweb.dktcdn.net/thumb/large/100/282/917/products/9781472940582.jpg?v=1554131381473', 357000, '2017-10-13', 8),
       (379, 3, 'The Little Library Cookbook: 100 Recipes from Your Favorite Books by Kate Young', 'If you shine or balance with a spiritual joy, manifestation respects you.', 5, '//bizweb.dktcdn.net/thumb/large/100/282/917/products/51lol6l5ocl-sx357-bo1-204-203-200.jpg?v=1554132812877', 574000, '2017-07-03', 20),
       (380, 5, 'The Letters of Abelard and Heloise (Penguin Classics) by Peter Abelard, Heloise, Michael Clanchy (Introduction by)', '
Light desires when you grasp with career.', 5, '//bizweb.dktcdn.net/thumb/large/100/282/917/products/9780140448993.jpg?v=1554133219000', 297000, '2002-08-23', 0),
       (381, 3, 'Death in Venice  by Thomas Mann', 'All the pathways grab gravimetric, united mermaids.', 5, '//bizweb.dktcdn.net/thumb/large/100/282/917/products/9780060576172.jpg?v=1554134219000', 280000, '2006-10-31', 2),
       (382, 4, 'Clash! : How to Thrive in a Multicultural World by Alana Conner, Hazel Rose Markus', '
Light desires when you grasp with career.', 4, '//bizweb.dktcdn.net/thumb/large/100/282/917/products/9780142180938.jpg?v=1554134493903', 289000, '2016-11-21', 5),
       (383, 5, 'Birds of the West Indies (Pocket Photo Guides) by G. Michael Flieg, Allan Sander (Photographs by)', 'All the pathways grab gravimetric, united mermaids.', 4, '//bizweb.dktcdn.net/thumb/large/100/282/917/products/9781472938145.jpg?v=1554134790310', 279000, '2016-06-29', 17),
       (384, 3, 'Birds of Sri Lanka (Pocket Photo Guide) by Gehan de Silva Wijeyeratne, Deepal Warakagoda, T S U de Zylva', 'All the pathways grab gravimetric, united mermaids.', 2, '//bizweb.dktcdn.net/thumb/large/100/282/917/products/9781472932938.jpg?v=1554134859203', 279000, '2014-10-28', 13),
       (385, 3, 'Birds of Peninsular Malaysia and Singapore (Pocket Photo Guides) by G. W. H. Davison, Chew Yen Fook (Photographs by)', 'Est germanus tabes, cesaris.', 2, '//bizweb.dktcdn.net/thumb/large/100/282/917/products/9781472938237.jpg?v=1554134967870', 289000, '2006-09-26', 19),
       (386, 3, 'Birds of Italy (Pocket Photo Guides) by Marianne Taylor, Daniele Occhiato', 'All the pathways grab gravimetric, united mermaids.', 3, '//bizweb.dktcdn.net/thumb/large/100/282/917/products/9781472949820.jpg?v=1554135162590', 279000, '2021-04-18', 18),
       (387, 4, 'Asteroid Hunters (TED Books) by Carrie Nugent', 'All the pathways grab gravimetric, united mermaids.', 4, '//bizweb.dktcdn.net/thumb/large/100/282/917/products/51vthun4h4l-sx360-bo1-204-203-200.jpg?v=1554135584490', 289000, '2009-04-05', 2),
       (388, 2, '10 Days to More Confident Public Speaking by Princeton Language Institute', 'Est germanus tabes, cesaris.', 4, '//bizweb.dktcdn.net/thumb/large/100/282/917/products/9780446676687.jpg?v=1554135747593', 279000, '2000-10-31', 12),
       (389, 5, 'Originals: How Non-Conformists Move the World By Adam Grant , Foreword by  Sheryl Sandberg', 'Captains warp with mankind at the evil homeworld!', 2, '//bizweb.dktcdn.net/thumb/large/100/282/917/products/9780525429562.jpg?v=1554211487147', 489000, '2017-10-13', 5),
       (390, 5, 'On the Warrior''s Path (2nd Edition) by Daniele Bolelli', 'If you shine or balance with a spiritual joy, manifestation respects you.', 3, '//bizweb.dktcdn.net/thumb/large/100/282/917/products/9781583942192.jpg?v=1554211570653', 311000, '2018-09-22', 18),
       (391, 1, 'Notes for the Everlost: A Field Guide to Grief by Kate Inglis', 'If you shine or balance with a spiritual joy, manifestation respects you.', 4, '//bizweb.dktcdn.net/thumb/large/100/282/917/products/9781611805505.jpg?v=1554211636813', 279000, '2001-07-24', 10),
       (392, 4, 'Ethics 101: From Altruism and Utilitarianism to Bioethics and Political Ethics, an Exploration of the Concepts of Right and Wrong (Adams 101)  by Brian Boone', 'All the pathways grab gravimetric, united mermaids.', 4, '//bizweb.dktcdn.net/thumb/large/100/282/917/products/9781507204931.jpg?v=1554212457000', 320000, '2000-10-31', 13),
       (393, 1, 'South of the Border, West of the Sun by Haruki Murakami', 'Est germanus tabes, cesaris.', 5, '//bizweb.dktcdn.net/thumb/large/100/282/917/products/9780679767398.jpg?v=1554214060520', 289000, '2017-06-19', 6),
       (394, 3, 'Short Films 101: How to Make a Short for Under $50k - and Launch Your Filmmaking Career by Frederick Levy', 'Spinach tastes best with olive oil and lots of green curry.', 3, '//bizweb.dktcdn.net/thumb/large/100/282/917/products/9780399529498.jpg?v=1554194564683', 359000, '2002-11-03', 14),
       (395, 4, 'The Schooldays of Jesus by J. M. Coetzee', 'If you shine or balance with a spiritual joy, manifestation respects you.', 5, '//bizweb.dktcdn.net/thumb/large/100/282/917/products/9780735222663.jpg?v=1554194278153', 479000, '2021-08-27', 20),
       (396, 2, 'Passionate Politics: Feminist Theory in Action - Essays, 1968-1986 by Charlotte Bunch', 'Captains warp with mankind at the evil homeworld!', 4, '//bizweb.dktcdn.net/thumb/large/100/282/917/products/9780312302290.jpg?v=1554192526760', 394000, '2020-10-31', 16),
       (397, 1, 'Literary Starbucks: Fresh-Brewed, Half-Caf, No-Whip Bookish Humor by Nora Katz, Wilson Josephson, Jill Poskanzer, Harry Bliss', '
Light desires when you grasp with career.', 3, '//bizweb.dktcdn.net/thumb/large/100/282/917/products/9781250096791.jpg?v=1554188443673', 297000, '2018-07-13', 14),
       (398, 4, 'Hollywood Foto-Rhetoric: The Lost Manuscript by Bob Dylan and Barry Feinstein', 'All the pathways grab gravimetric, united mermaids.', 4, '//bizweb.dktcdn.net/thumb/large/100/282/917/products/9781439112557.jpg?v=1554186206000', 414000, '2013-12-01', 12);

SET FOREIGN_KEY_CHECKS = 1;