USE bookstore;

INSERT INTO User (Email, UserPassword, Name, Address, PhoneNumber, AccountNumber, Role)
VALUES ('thaitangluc2412@gmail.com', '1234', 'Thai Luc', 'Quang Tri', '06873496874', '037486164967', 'Admin'),
       ('manhviet@gmail.com', '1234', 'Manh Viet', 'Da Nang', '06873496874', '037486164967', 'Customer'),
       ('xuantuan@gmail.com', '1234', 'Xuan Tuan', 'Quang Nam', '06873496874', '037486164967', 'Author'),
       ('trungnguyen@gmail.com', '1234', 'Trung Nguyen', 'Da Nang', '06873496874', '037486164967', 'Admin'),
       ('anhvu@gmail.com', '1234', 'Nguyen Vu', 'Quang Nam', '114', '037486164967', 'Customer'),
       ('tacgia1@gmail.com', '1234', 'Tac Gia 1', 'Viet Nam', '114', '037486164967', 'Author'),
       ('tacgia2@gmail.com', '1234', 'Tac Gia 2', 'Viet Nam', '114', '037486164967', 'Author'),
       ('tacgia3@gmail.com', '1234', 'Tac Gia 3', 'Viet Nam', '114', '037486164967', 'Author'),
       ('tacgia4@gmail.com', '1234', 'Tac Gia 4', 'Viet Nam', '114', '037486164967', 'Author'),
       ('tacgia5@gmail.com', '1234', 'Tac Gia 5', 'Viet Nam', '114', '037486164967', 'Author'),
       ('tacgia6@gmail.com', '1234', 'Tac Gia 6', 'Viet Nam', '114', '037486164967', 'Author'),
       ('tacgia7@gmail.com', '1234', 'Tac Gia 7', 'Viet Nam', '114', '037486164967', 'Author'),
       ('tacgia8@gmail.com', '1234', 'Tac Gia 8', 'Viet Nam', '114', '037486164967', 'Author');


INSERT INTO Category (CategoryID, Name)
VALUES (1, 'Truyen Cuoi'),
       (2, 'Truyen Ma'),
       (3, 'Truyen Kinh Di'),
       (4, 'Truyen Co Tinh'),
       (5, 'Truyen tinh cam');

INSERT INTO bookstore.book (BookID, CategoryID, Title, Description, Rating, Image, Price, PublishDate, Quantity)
VALUES  (1, 3, 'Volant Journals Pocket Ruled Forget.Blue Amber.Yellow', 'Lorem ipsum dolor sit amet, consectetur adipisicing elit. Est magni unde vel.', 5, '//bizweb.dktcdn.net/thumb/large/100/282/917/products/8058647620565.jpg?v=1641371913000', 43, '2003-01-28', 11),
        (2, 5, 'Moleskine 8058341715185 – Large – Special Edition – Dr. Seuss Notebook/A5 Ruled', 'Lorem ipsum dolor sit amet, consectetur adipisicing elit. Ex explicabo mollitia, nesciunt saepe sed temporibus.', 2, '//bizweb.dktcdn.net/thumb/large/100/282/917/products/619lv4up6yl-ac-sl1500.jpg?v=1641372084000', 48, '2015-10-28', 8),
        (3, 1, 'Great World Writers Twentieth Century - Patrick M.O''neil', 'Lorem ipsum dolor sit amet, consectetur adipisicing elit. At commodi culpa dolore dolorum et harum labore nam obcaecati quia quis?', 3, '//bizweb.dktcdn.net/thumb/large/100/282/917/products/z2881714372397-6e76a1433ffec29c5d8cc256df7c7c05.jpg?v=1635741227000', 49, '2004-04-08', 15),
        (4, 4, 'Charming Classics 6 Books Collection: Alice In Wonderland, The Wizard of Oz, A Little Princess, The Secret Garden, & Anne of Green Gables, (Includes one Bracelet with four Charms) by', 'Lorem ipsum dolor sit amet, consectetur adipisicing elit. Est magni unde vel.', 2, '//bizweb.dktcdn.net/thumb/large/100/282/917/products/9780062879783-charming-classic-with-bracelet-6-books-600x600.jpg?v=1635742344000', 36, '2005-04-22', 6),
        (5, 2, '50 Ways to Draw Your Beautiful, Ordinary Life: Practical Lessons in Pencil and Paper (Flow) by', 'Lorem ipsum dolor sit amet, consectetur adipisicing elit. Ex explicabo mollitia, nesciunt saepe sed temporibus.', 2, '//bizweb.dktcdn.net/thumb/large/100/282/917/products/9781523501151.jpg?v=1634361107000', 40, '2003-06-19', 0),
        (6, 1, 'Tiny Habits: The Small Changes That Change Everything by BJ Fogg Ph.D', 'Lorem ipsum dolor sit amet, consectetur adipisicing elit. Cupiditate, et illum in incidunt ipsam labore magni natus nisi nobis, odit porro, recusandae repellendus sit soluta suscipit! Corporis ea esse laborum.', 3, '//bizweb.dktcdn.net/thumb/large/100/282/917/products/9780358003328.jpg?v=1634361674000', 49, '2003-09-27', 5),
        (7, 3, 'Ninth House by Leigh Bardugo', 'Lorem ipsum dolor sit amet, consectetur adipisicing elit. Ex explicabo mollitia, nesciunt saepe sed temporibus.', 5, '//bizweb.dktcdn.net/thumb/large/100/282/917/products/9781250313072-4cda6be8-dcfd-40e1-9d6b-e04383579cb4.jpg?v=1634361795000', 58, '2015-01-27', 8),
        (8, 3, 'Shopgirl: A Novella by Steve Martin', 'Lorem ipsum dolor sit amet, consectetur adipisicing elit. Ex explicabo mollitia, nesciunt saepe sed temporibus.', 5, '//bizweb.dktcdn.net/thumb/large/100/282/917/products/9781401308278.jpg?v=1634361936000', 46, '2000-10-26', 0),
        (9, 4, 'The Beach by', 'Lorem ipsum dolor sit amet, consectetur adipisicing elit. Asperiores, porro.', 3, '//bizweb.dktcdn.net/thumb/large/100/282/917/products/9781573226523.jpg?v=1634363227000', 38, '2011-12-08', 12),
        (10, 2, 'The Lucky One Nicholas Sparks', 'Lorem ipsum dolor sit amet, consectetur adipisicing elit. At commodi culpa dolore dolorum et harum labore nam obcaecati quia quis?', 4, '//bizweb.dktcdn.net/thumb/large/100/282/917/products/9781455508969-c46b7072-6442-453d-9ba5-fbc0dc95d74c.jpg?v=1626149766000', 57, '2018-10-22', 14),
        (11, 5, 'The Writer''s Practice: Building Confidence in Your Nonfiction Writing by John Warner', 'Lorem ipsum dolor sit amet, consectetur adipisicing elit. Asperiores, porro.', 2, '//bizweb.dktcdn.net/thumb/large/100/282/917/products/9780143133155.jpg?v=1625161176000', 32, '2019-05-07', 3),
        (12, 2, 'The World Until Yesterday: What Can We Learn from Traditional Societies?  by Jared Diamond', 'Lorem ipsum dolor sit amet, consectetur adipisicing elit. Cupiditate, et illum in incidunt ipsam labore magni natus nisi nobis, odit porro, recusandae repellendus sit soluta suscipit! Corporis ea esse laborum.', 5, '//bizweb.dktcdn.net/thumb/large/100/282/917/products/9780143124405-83480547-0a37-4e63-980b-bd614211162b.jpg?v=1626149919000', 33, '2000-05-02', 11),
        (13, 4, 'The World Without Us by', 'Lorem ipsum dolor sit amet, consectetur adipisicing elit. Cupiditate, et illum in incidunt ipsam labore magni natus nisi nobis, odit porro, recusandae repellendus sit soluta suscipit! Corporis ea esse laborum.', 2, '//bizweb.dktcdn.net/thumb/large/100/282/917/products/9780312427900.jpg?v=1626150191000', 59, '2000-09-21', 11),
        (14, 2, 'World History 101: From Ancient Mesopotamia and the Viking Conquests to NATO and WikiLeaks, An Essential Primer on World History (Adams 101) by', 'Lorem ipsum dolor sit amet, consectetur adipisicing elit. At commodi culpa dolore dolorum et harum labore nam obcaecati quia quis?', 2, '//bizweb.dktcdn.net/thumb/large/100/282/917/products/9781507204542.jpg?v=1626150401000', 34, '2003-12-16', 10),
        (15, 1, 'Willpower: Rediscovering the Greatest Human Strength by Roy F. Baumeister and John Tierney', 'Lorem ipsum dolor sit amet, consectetur adipisicing elit. Est magni unde vel.', 3, '//bizweb.dktcdn.net/thumb/large/100/282/917/products/9780143122234-2735b721-e920-4dc1-b6f7-ecb72d792612.jpg?v=1626150678000', 39, '2016-08-09', 18),
        (16, 4, 'Why I''m No Longer Talking to White People About Race by', 'Lorem ipsum dolor sit amet, consectetur adipisicing elit. Asperiores, porro.', 2, '//bizweb.dktcdn.net/thumb/large/100/282/917/products/9781635572957.jpg?v=1626150802000', 58, '2001-07-26', 7),
        (17, 2, 'White Noise by Don DeLillo', 'Lorem ipsum dolor sit amet, consectetur adipisicing elit. Asperiores, porro.', 5, '//bizweb.dktcdn.net/thumb/large/100/282/917/products/9780140274981.jpg?v=1626151016000', 46, '2009-09-21', 2),
        (18, 4, 'When You Kant Figure It Out, Ask a Philosopher by', 'Lorem ipsum dolor sit amet, consectetur adipisicing elit. Ex explicabo mollitia, nesciunt saepe sed temporibus.', 5, '//bizweb.dktcdn.net/thumb/large/100/282/917/products/9780316492522.jpg?v=1626151125000', 55, '2008-05-05', 12),
        (19, 5, 'Walking in This World by', 'Lorem ipsum dolor sit amet, consectetur adipisicing elit. At commodi culpa dolore dolorum et harum labore nam obcaecati quia quis?', 3, '//bizweb.dktcdn.net/thumb/large/100/282/917/products/9781585422616.jpg?v=1626151294000', 48, '2010-12-24', 7),
        (20, 4, 'Waiting for the Barbarians: A Novel (Penguin Ink) (The Penguin Ink Series) by J. M. Coetzee', 'Lorem ipsum dolor sit amet, consectetur adipisicing elit. Asperiores, porro.', 2, '//bizweb.dktcdn.net/thumb/large/100/282/917/products/9780143116929.jpg?v=1626151419000', 49, '2008-12-20', 11),
        (21, 4, 'The Valkyries by', 'Lorem ipsum dolor sit amet, consectetur adipisicing elit. Ex explicabo mollitia, nesciunt saepe sed temporibus.', 3, '//bizweb.dktcdn.net/thumb/large/100/282/917/products/9780062513342.jpg?v=1626151740000', 53, '2010-09-28', 3),
        (22, 1, 'Type Talk at Work (Revised and Updated) by', 'Lorem ipsum dolor sit amet, consectetur adipisicing elit. Est magni unde vel.', 3, '//bizweb.dktcdn.net/thumb/large/100/282/917/products/9780440509288.jpg?v=1626152368000', 60, '2016-03-09', 6),
        (23, 1, 'The Tree by', 'Lorem ipsum dolor sit amet, consectetur adipisicing elit. Ex explicabo mollitia, nesciunt saepe sed temporibus.', 3, '//bizweb.dktcdn.net/thumb/large/100/282/917/products/9780061997778.jpg?v=1626152676000', 34, '2011-01-25', 14),
        (24, 2, 'A Tokyo Romance: A Memoir by', 'Lorem ipsum dolor sit amet, consectetur adipisicing elit. Cupiditate, et illum in incidunt ipsam labore magni natus nisi nobis, odit porro, recusandae repellendus sit soluta suscipit! Corporis ea esse laborum.', 4, '//bizweb.dktcdn.net/thumb/large/100/282/917/products/9781101981436.jpg?v=1626152812000', 37, '2001-12-09', 6),
        (25, 5, 'The Third Chimpanzee: The Evolution and Future of the Human Animal by', 'Lorem ipsum dolor sit amet, consectetur adipisicing elit. Est magni unde vel.', 5, '//bizweb.dktcdn.net/thumb/large/100/282/917/products/9780060845506.jpg?v=1626153075000', 50, '2009-02-25', 1),
        (26, 5, 'Tea: History, Terroirs, Varieties (Third Edition) by', 'Lorem ipsum dolor sit amet, consectetur adipisicing elit. Est magni unde vel.', 2, '//bizweb.dktcdn.net/thumb/large/100/282/917/products/9780228100270.jpg?v=1626153182000', 33, '2016-12-10', 20),
        (27, 3, 'Tell the Wolves I''m Home by Carol Rifka Brunt', 'Lorem ipsum dolor sit amet, consectetur adipisicing elit. Cupiditate, et illum in incidunt ipsam labore magni natus nisi nobis, odit porro, recusandae repellendus sit soluta suscipit! Corporis ea esse laborum.', 4, '//bizweb.dktcdn.net/thumb/large/100/282/917/products/9781447202141.jpg?v=1626153283000', 48, '2009-04-16', 2),
        (28, 1, 'Swing Time by', 'Lorem ipsum dolor sit amet, consectetur adipisicing elit. Ex explicabo mollitia, nesciunt saepe sed temporibus.', 4, '//bizweb.dktcdn.net/thumb/large/100/282/917/products/9780143111641.jpg?v=1626153399000', 34, '2007-10-31', 10),
        (29, 2, 'The Solitude of Prime Numbers: A Novel by Paolo Giordano', 'Lorem ipsum dolor sit amet, consectetur adipisicing elit. Asperiores, porro.', 4, '//bizweb.dktcdn.net/thumb/large/100/282/917/products/9780143118596.jpg?v=1626153485000', 57, '2012-05-19', 11),
        (30, 1, 'The Social Contract: Man Was Born Free, and He Is Everywhere in Chains (Penguin Great Ideas)  by Jean-Jacques Rousseau', 'Lorem ipsum dolor sit amet, consectetur adipisicing elit. Cupiditate, et illum in incidunt ipsam labore magni natus nisi nobis, odit porro, recusandae repellendus sit soluta suscipit! Corporis ea esse laborum.', 2, '//bizweb.dktcdn.net/thumb/large/100/282/917/products/9780143037491-28128d13-63ca-4f6c-aca6-20c96313856b.jpg?v=1626153628000', 42, '2016-11-01', 5),
        (31, 3, 'So Big (P.S.) by', 'Lorem ipsum dolor sit amet, consectetur adipisicing elit. Est magni unde vel.', 5, '//bizweb.dktcdn.net/thumb/large/100/282/917/products/9780061859984.jpg?v=1626153751000', 50, '2000-10-31', 9),
        (32, 2, 'The Reader by', 'Lorem ipsum dolor sit amet, consectetur adipisicing elit. Est magni unde vel.', 3, '//bizweb.dktcdn.net/thumb/large/100/282/917/products/9780375707971.jpg?v=1626154208000', 58, '2017-01-29', 20),
        (33, 3, 'The Quiet American (Viking Critical Library) by', 'Lorem ipsum dolor sit amet, consectetur adipisicing elit. Est magni unde vel.', 4, '//bizweb.dktcdn.net/thumb/large/100/282/917/products/9780140243505.jpg?v=1626154335000', 32, '2016-08-12', 12),
        (34, 5, 'Poverty, Riches and Wealth: Moving From a Life of Lack into True Kingdom Abundance by', 'Lorem ipsum dolor sit amet, consectetur adipisicing elit. At commodi culpa dolore dolorum et harum labore nam obcaecati quia quis?', 4, '//bizweb.dktcdn.net/thumb/large/100/282/917/products/9780800799014.jpg?v=1626154669000', 52, '2017-08-07', 19),
        (35, 4, 'The Portable Voltaire (Viking Portable Library) by', 'Lorem ipsum dolor sit amet, consectetur adipisicing elit. Est magni unde vel.', 2, '//bizweb.dktcdn.net/thumb/large/100/282/917/products/9780140150414.jpg?v=1626154760000', 53, '2019-11-01', 0),
        (36, 2, 'Poetry 101: From Shakespeare and Rupi Kaur to Iambic Pentameter and Blank Verse, Everything You Need to Know about Poetry (Adams 101) by', 'Lorem ipsum dolor sit amet, consectetur adipisicing elit. Est magni unde vel.', 3, '//bizweb.dktcdn.net/thumb/large/100/282/917/products/9781507208397.jpg?v=1626155015000', 40, '2007-03-15', 4),
        (37, 3, 'Plato and a Platypus Walk into a Bar . . . by Thomas Cathcart, Daniel Klein', 'Lorem ipsum dolor sit amet, consectetur adipisicing elit. Cupiditate, et illum in incidunt ipsam labore magni natus nisi nobis, odit porro, recusandae repellendus sit soluta suscipit! Corporis ea esse laborum.', 4, '//bizweb.dktcdn.net/thumb/large/100/282/917/products/9780143113874-17420ddc-c09f-43de-bf7e-903742258144.jpg?v=1626155120000', 48, '2000-09-09', 15),
        (38, 4, 'The Phantom of the Opera (Paper Mill Classics) by', 'Lorem ipsum dolor sit amet, consectetur adipisicing elit. Asperiores, porro.', 4, '//bizweb.dktcdn.net/thumb/large/100/282/917/products/51mamiouq6l-sx328-bo1-204-203-200.jpg?v=1626155354000', 45, '2018-02-19', 2),
        (39, 1, 'Permanent Record by', 'Lorem ipsum dolor sit amet, consectetur adipisicing elit. Cupiditate, et illum in incidunt ipsam labore magni natus nisi nobis, odit porro, recusandae repellendus sit soluta suscipit! Corporis ea esse laborum.', 4, '//bizweb.dktcdn.net/thumb/large/100/282/917/products/9781534445970.jpg?v=1626155536000', 41, '2016-08-31', 3),
        (40, 4, 'A People''s History of the United States by', 'Lorem ipsum dolor sit amet, consectetur adipisicing elit. Cupiditate, et illum in incidunt ipsam labore magni natus nisi nobis, odit porro, recusandae repellendus sit soluta suscipit! Corporis ea esse laborum.', 3, '//bizweb.dktcdn.net/thumb/large/100/282/917/products/9780061965593.jpg?v=1626155669000', 40, '2003-04-25', 13),
        (41, 3, 'The Penguin Guide to the United States Constitution by', 'Lorem ipsum dolor sit amet, consectetur adipisicing elit. Asperiores, porro.', 4, '//bizweb.dktcdn.net/thumb/large/100/282/917/products/9780143118107.jpg?v=1626155804000', 44, '2000-02-19', 14),
        (42, 1, 'The Penguin Gandhi Reader by', 'Lorem ipsum dolor sit amet, consectetur adipisicing elit. Cupiditate, et illum in incidunt ipsam labore magni natus nisi nobis, odit porro, recusandae repellendus sit soluta suscipit! Corporis ea esse laborum.', 2, '//bizweb.dktcdn.net/thumb/large/100/282/917/products/9780140236866.jpg?v=1626155916000', 46, '2018-01-13', 1),
        (43, 5, 'The Penguin Book of Modern Speeches by', 'Lorem ipsum dolor sit amet, consectetur adipisicing elit. Cupiditate, et illum in incidunt ipsam labore magni natus nisi nobis, odit porro, recusandae repellendus sit soluta suscipit! Corporis ea esse laborum.', 2, '//bizweb.dktcdn.net/thumb/large/100/282/917/products/9780241982303.jpg?v=1626156084000', 55, '2011-09-06', 2),
        (44, 4, 'Pastoralia by George Saunders', 'Lorem ipsum dolor sit amet, consectetur adipisicing elit. Est magni unde vel.', 3, '//bizweb.dktcdn.net/thumb/large/100/282/917/products/9781573228725-290e82e7-08d4-4764-a9bc-574630a577b2.jpg?v=1626156182000', 54, '2000-09-04', 13),
        (45, 3, 'One Thousand and One Nights by', 'Lorem ipsum dolor sit amet, consectetur adipisicing elit. At commodi culpa dolore dolorum et harum labore nam obcaecati quia quis?', 3, '//bizweb.dktcdn.net/thumb/large/100/282/917/products/9780307948991.jpg?v=1626156523000', 33, '2012-10-26', 17),
        (46, 2, 'On China by Henry Kissinger', 'Lorem ipsum dolor sit amet, consectetur adipisicing elit. Ex explicabo mollitia, nesciunt saepe sed temporibus.', 5, '//bizweb.dktcdn.net/thumb/large/100/282/917/products/9780143121312-7c73a916-4bea-4d8f-b1fc-c01eb1ae82c2.jpg?v=1626156645000', 46, '2002-09-08', 5),
        (47, 3, 'NW by', 'Lorem ipsum dolor sit amet, consectetur adipisicing elit. Asperiores, porro.', 5, '//bizweb.dktcdn.net/thumb/large/100/282/917/products/9780143123934.jpg?v=1626156765000', 50, '2019-06-16', 16),
        (48, 4, 'My Pocket Yoga: Anytime Exercises That Refresh, Refocus, and Restore by', 'Lorem ipsum dolor sit amet, consectetur adipisicing elit. Asperiores, porro.', 2, '//bizweb.dktcdn.net/thumb/large/100/282/917/products/9781440599446.jpg?v=1626156955000', 41, '2007-07-13', 0),
        (49, 5, 'My Pocket Meditations for Anxiety: Anytime Exercises to Reduce Stress, Ease Worry, and Invite Calm by', 'Lorem ipsum dolor sit amet, consectetur adipisicing elit. Cupiditate, et illum in incidunt ipsam labore magni natus nisi nobis, odit porro, recusandae repellendus sit soluta suscipit! Corporis ea esse laborum.', 5, '//bizweb.dktcdn.net/thumb/large/100/282/917/products/9781507213872.jpg?v=1626157068000', 53, '2011-11-23', 17),
        (50, 5, 'My Pocket Mantras: Powerful Words to Connect, Comfort, and Protect by', 'Lorem ipsum dolor sit amet, consectetur adipisicing elit. Cupiditate, et illum in incidunt ipsam labore magni natus nisi nobis, odit porro, recusandae repellendus sit soluta suscipit! Corporis ea esse laborum.', 5, '//bizweb.dktcdn.net/thumb/large/100/282/917/products/9781507205785.jpg?v=1626157183000', 39, '2018-10-11', 10),
        (51, 2, 'Moonglow (Harper Perennial Olive Editions) by', 'Lorem ipsum dolor sit amet, consectetur adipisicing elit. Est magni unde vel.', 4, '//bizweb.dktcdn.net/thumb/large/100/282/917/products/9780063036550.jpg?v=1626157860000', 35, '2015-01-04', 2),
        (52, 1, 'Moon Palace: A Novel (Penguin Ink)  by Paul Auster, Grez', 'Lorem ipsum dolor sit amet, consectetur adipisicing elit. At commodi culpa dolore dolorum et harum labore nam obcaecati quia quis?', 4, '//bizweb.dktcdn.net/thumb/large/100/282/917/products/9780143119050.jpg?v=1626158149000', 45, '2010-04-28', 4),
        (53, 1, 'The Metamorphosis, In the Penal Colony, and Other Stories by Franz Kafka', 'Lorem ipsum dolor sit amet, consectetur adipisicing elit. Asperiores, porro.', 4, '//bizweb.dktcdn.net/thumb/large/100/282/917/products/9780684800707-67136ae2-9612-457d-9efc-292e97cfdfb8.jpg?v=1626158430000', 58, '2017-08-27', 6),
        (54, 2, 'Maid: Hard Work, Low Pay, and a Mother''s Will to Survive by', 'Lorem ipsum dolor sit amet, consectetur adipisicing elit. Est magni unde vel.', 3, '//bizweb.dktcdn.net/thumb/large/100/282/917/products/9780316505093.jpg?v=1626158734000', 35, '2003-02-01', 1),
        (55, 4, 'The Magic Feather Effect: The Science of Alternative Medicine and the Surprising Power of Belief by', 'Lorem ipsum dolor sit amet, consectetur adipisicing elit. Asperiores, porro.', 2, '//bizweb.dktcdn.net/thumb/large/100/282/917/products/9781501121500.jpg?v=1626158861000', 47, '2007-04-04', 14),
        (56, 4, 'Machines Like Me by', 'Lorem ipsum dolor sit amet, consectetur adipisicing elit. Ex explicabo mollitia, nesciunt saepe sed temporibus.', 3, '//bizweb.dktcdn.net/thumb/large/100/282/917/products/9780735278219.jpg?v=1626158975000', 49, '2004-08-10', 9),
        (57, 5, 'Love Story (50th Anniversary Edition) by', 'Lorem ipsum dolor sit amet, consectetur adipisicing elit. Est magni unde vel.', 3, '//bizweb.dktcdn.net/thumb/large/100/282/917/products/9780062979476.jpg?v=1626159233000', 53, '2010-07-16', 5),
        (58, 4, 'Living Dangerously: Ordinary Enlightenment for Extraordinary Times (Masters of Wisdom) by', 'Lorem ipsum dolor sit amet, consectetur adipisicing elit. Ex explicabo mollitia, nesciunt saepe sed temporibus.', 4, '//bizweb.dktcdn.net/thumb/large/100/282/917/products/9781780280073.jpg?v=1626159342000', 33, '2007-10-27', 20),
        (59, 2, 'The Little Book of Skin Care: Korean Beauty Secrets for Healthy, Glowing Skin by', 'Lorem ipsum dolor sit amet, consectetur adipisicing elit. Cupiditate, et illum in incidunt ipsam labore magni natus nisi nobis, odit porro, recusandae repellendus sit soluta suscipit! Corporis ea esse laborum.', 3, '//bizweb.dktcdn.net/thumb/large/100/282/917/products/9780062416384.jpg?v=1626159436000', 37, '2020-04-12', 9),
        (60, 2, 'Linchpin: Are You Indispensable? by', 'Lorem ipsum dolor sit amet, consectetur adipisicing elit. Asperiores, porro.', 3, '//bizweb.dktcdn.net/thumb/large/100/282/917/products/9781591844099.jpg?v=1626159533000', 40, '2012-03-04', 2),
        (61, 2, 'Kitchen Curse: Stories by', 'Lorem ipsum dolor sit amet, consectetur adipisicing elit. Cupiditate, et illum in incidunt ipsam labore magni natus nisi nobis, odit porro, recusandae repellendus sit soluta suscipit! Corporis ea esse laborum.', 3, '//bizweb.dktcdn.net/thumb/large/100/282/917/products/9781786637154.jpg?v=1626159600000', 35, '2006-05-12', 14),
        (62, 1, 'Killing Eve: No Tomorrow by', 'Lorem ipsum dolor sit amet, consectetur adipisicing elit. Asperiores, porro.', 4, '//bizweb.dktcdn.net/thumb/large/100/282/917/products/9780316524346.jpg?v=1626159770000', 56, '2017-08-11', 7),
        (63, 3, 'It''s Easier Than You Think: The Buddhist Way to Happiness by', 'Lorem ipsum dolor sit amet, consectetur adipisicing elit. Asperiores, porro.', 5, '//bizweb.dktcdn.net/thumb/large/100/282/917/products/9780062512949.jpg?v=1626160094000', 56, '2012-03-08', 17),
        (64, 5, 'Israel: A History by', 'Lorem ipsum dolor sit amet, consectetur adipisicing elit. At commodi culpa dolore dolorum et harum labore nam obcaecati quia quis?', 4, '//bizweb.dktcdn.net/thumb/large/100/282/917/products/9780688123635.jpg?v=1626160177000', 50, '2017-06-30', 7),
        (65, 3, 'The Inevitable: Understanding the 12 Technological Forces That Will Shape Our Future by', 'Lorem ipsum dolor sit amet, consectetur adipisicing elit. Ex explicabo mollitia, nesciunt saepe sed temporibus.', 3, '//bizweb.dktcdn.net/thumb/large/100/282/917/products/9780143110378.jpg?v=1626160528000', 42, '2006-09-20', 2),
        (66, 5, 'I Think, Therefore I Draw: Understanding Philosophy Through Cartoons by', 'Lorem ipsum dolor sit amet, consectetur adipisicing elit. Asperiores, porro.', 4, '//bizweb.dktcdn.net/thumb/large/100/282/917/products/9780143133032.jpg?v=1626160839000', 37, '2007-12-21', 0),
        (67, 5, 'How to Be a Fascist: A Manual by', 'Lorem ipsum dolor sit amet, consectetur adipisicing elit. At commodi culpa dolore dolorum et harum labore nam obcaecati quia quis?', 5, '//bizweb.dktcdn.net/thumb/large/100/282/917/products/9780143136057.jpg?v=1626161017000', 47, '2021-01-13', 0),
        (68, 4, 'House Made of Dawn [50th Anniversary Edition) by', 'Lorem ipsum dolor sit amet, consectetur adipisicing elit. Ex explicabo mollitia, nesciunt saepe sed temporibus.', 2, '//bizweb.dktcdn.net/thumb/large/100/282/917/products/9780062909954.jpg?v=1626161120000', 37, '2004-09-25', 1),
        (69, 2, 'Hippie by', 'Lorem ipsum dolor sit amet, consectetur adipisicing elit. Est magni unde vel.', 4, '//bizweb.dktcdn.net/thumb/large/100/282/917/products/9780525565185.jpg?v=1626161209000', 36, '2009-10-12', 17),
        (70, 2, 'Hector and the Search for Happiness by Francois Lelord', 'Lorem ipsum dolor sit amet, consectetur adipisicing elit. Asperiores, porro.', 3, '//bizweb.dktcdn.net/thumb/large/100/282/917/products/9780143118398.jpg?v=1626161289000', 32, '2015-12-07', 0),
        (71, 2, 'Half the Sky: Turning Oppression into Opportunity for Wormen Worldwide by', 'Lorem ipsum dolor sit amet, consectetur adipisicing elit. Est magni unde vel.', 2, '//bizweb.dktcdn.net/thumb/large/100/282/917/products/9780307387097.jpg?v=1626161589000', 44, '2015-11-28', 16),
        (72, 4, 'Girl With a Pearl Earring by Tracy Chevalier', 'Lorem ipsum dolor sit amet, consectetur adipisicing elit. At commodi culpa dolore dolorum et harum labore nam obcaecati quia quis?', 3, '//bizweb.dktcdn.net/thumb/large/100/282/917/products/9780452282155-05e92100-f771-4537-9806-b77d2eb1f77c.jpg?v=1626161766000', 46, '2006-06-08', 2),
        (73, 2, 'The Future of Capitalism: Facing the New Anxieties by', 'Lorem ipsum dolor sit amet, consectetur adipisicing elit. Cupiditate, et illum in incidunt ipsam labore magni natus nisi nobis, odit porro, recusandae repellendus sit soluta suscipit! Corporis ea esse laborum.', 4, '//bizweb.dktcdn.net/thumb/large/100/282/917/products/9780062748676.jpg?v=1626161891000', 50, '2002-05-07', 6),
        (74, 1, 'Fluent in 3 Months by', 'Lorem ipsum dolor sit amet, consectetur adipisicing elit. Ex explicabo mollitia, nesciunt saepe sed temporibus.', 5, '//bizweb.dktcdn.net/thumb/large/100/282/917/products/9780062282699.jpg?v=1626162659000', 32, '2013-11-15', 4),
        (75, 3, 'Fingersmith by Sarah Waters', 'Lorem ipsum dolor sit amet, consectetur adipisicing elit. Est magni unde vel.', 2, '//bizweb.dktcdn.net/thumb/large/100/282/917/products/9781573229722-7bdb7826-46cd-4792-be84-762dee1f7bea.jpg?v=1626162760000', 48, '2000-11-24', 10),
        (76, 4, 'American Political Speeches by', 'Lorem ipsum dolor sit amet, consectetur adipisicing elit. At commodi culpa dolore dolorum et harum labore nam obcaecati quia quis?', 4, '//bizweb.dktcdn.net/thumb/large/100/282/917/products/9780143121954-e0692355-009c-4eb9-adcd-20eedaabfb3b.jpg?v=1626162854000', 59, '2007-09-30', 4),
        (77, 4, 'Find Me by', 'Lorem ipsum dolor sit amet, consectetur adipisicing elit. Cupiditate, et illum in incidunt ipsam labore magni natus nisi nobis, odit porro, recusandae repellendus sit soluta suscipit! Corporis ea esse laborum.', 2, '//bizweb.dktcdn.net/thumb/large/100/282/917/products/9781250758071.jpg?v=1626162933000', 58, '2000-11-15', 12),
        (78, 4, 'Feel Free: Essays by', 'Lorem ipsum dolor sit amet, consectetur adipisicing elit. Asperiores, porro.', 4, '//bizweb.dktcdn.net/thumb/large/100/282/917/products/9780143110255.jpg?v=1626163067000', 37, '2012-11-11', 11),
        (79, 4, 'Farewell Waltz by', 'Lorem ipsum dolor sit amet, consectetur adipisicing elit. At commodi culpa dolore dolorum et harum labore nam obcaecati quia quis?', 4, '//bizweb.dktcdn.net/thumb/large/100/282/917/products/9780060997007.jpg?v=1626163155000', 37, '2020-02-02', 15),
        (80, 2, 'Everything Is F*cked by', 'Lorem ipsum dolor sit amet, consectetur adipisicing elit. Cupiditate, et illum in incidunt ipsam labore magni natus nisi nobis, odit porro, recusandae repellendus sit soluta suscipit! Corporis ea esse laborum.', 2, '//bizweb.dktcdn.net/thumb/large/100/282/917/products/9780062956569.jpg?v=1626163412000', 53, '2006-01-15', 8),
        (81, 3, 'Every time I find the meaning of life they change it by Daniel Klein', 'Lorem ipsum dolor sit amet, consectetur adipisicing elit. Ex explicabo mollitia, nesciunt saepe sed temporibus.', 2, '//bizweb.dktcdn.net/thumb/large/100/282/917/products/9780143129592-d18aadc2-90db-48f9-8517-d70c813c7ab1.jpg?v=1626163510000', 47, '2011-08-05', 5),
        (82, 3, 'Escape from Camp 14 by Blaine Harden', 'Lorem ipsum dolor sit amet, consectetur adipisicing elit. Cupiditate, et illum in incidunt ipsam labore magni natus nisi nobis, odit porro, recusandae repellendus sit soluta suscipit! Corporis ea esse laborum.', 2, '//bizweb.dktcdn.net/thumb/large/100/282/917/products/9780143122913.jpg?v=1626167718000', 30, '2004-04-01', 20),
        (83, 5, 'Emergency Contact by', 'Lorem ipsum dolor sit amet, consectetur adipisicing elit. At commodi culpa dolore dolorum et harum labore nam obcaecati quia quis?', 2, '//bizweb.dktcdn.net/thumb/large/100/282/917/products/9781534408975.jpg?v=1626167824000', 53, '2015-04-06', 15),
        (84, 5, 'The Elements of Style Illustrated by William Strunk Jr. and E. B. White', 'Lorem ipsum dolor sit amet, consectetur adipisicing elit. Cupiditate, et illum in incidunt ipsam labore magni natus nisi nobis, odit porro, recusandae repellendus sit soluta suscipit! Corporis ea esse laborum.', 5, '//bizweb.dktcdn.net/thumb/large/100/282/917/products/9780143112723-eb2186b5-66db-4b2d-8d87-cda3b7274fef.jpg?v=1626167891000', 46, '2015-04-20', 18),
        (85, 4, 'Dune (The Caladan Trilogy, Bk. 1) by', 'Lorem ipsum dolor sit amet, consectetur adipisicing elit. Cupiditate, et illum in incidunt ipsam labore magni natus nisi nobis, odit porro, recusandae repellendus sit soluta suscipit! Corporis ea esse laborum.', 4, '//bizweb.dktcdn.net/thumb/large/100/282/917/products/9781250764744.jpg?v=1626168245000', 58, '2011-04-09', 0),
        (86, 1, 'Eating Viet Nam: Dispatches From a Blue Plastic Table by', 'Lorem ipsum dolor sit amet, consectetur adipisicing elit. Est magni unde vel.', 3, '//bizweb.dktcdn.net/thumb/large/100/282/917/products/9780062293060.jpg?v=1626168410000', 34, '2014-08-09', 10),
        (87, 2, 'Dubliners: Text and Criticism; Revised Edition (Viking Critical Library) by James Joyce', 'Lorem ipsum dolor sit amet, consectetur adipisicing elit. At commodi culpa dolore dolorum et harum labore nam obcaecati quia quis?', 3, '//bizweb.dktcdn.net/thumb/large/100/282/917/products/9780140247749.jpg?v=1626168540000', 32, '2006-11-24', 6),
        (88, 3, 'Don Quixote (P.S) by', 'Lorem ipsum dolor sit amet, consectetur adipisicing elit. Cupiditate, et illum in incidunt ipsam labore magni natus nisi nobis, odit porro, recusandae repellendus sit soluta suscipit! Corporis ea esse laborum.', 2, '//bizweb.dktcdn.net/thumb/large/100/282/917/products/9780060934347.jpg?v=1626168649000', 58, '2015-12-31', 14),
        (89, 5, 'Disgrace by J.M. Coetzee', 'Lorem ipsum dolor sit amet, consectetur adipisicing elit. Est magni unde vel.', 4, '//bizweb.dktcdn.net/thumb/large/100/282/917/products/9780140296402.jpg?v=1626168745000', 43, '2002-01-17', 19),
        (90, 5, 'A Dictionary of Philosophy (Revised Second Edition) by', 'Lorem ipsum dolor sit amet, consectetur adipisicing elit. Est magni unde vel.', 4, '//bizweb.dktcdn.net/thumb/large/100/282/917/products/9780312209230.jpg?v=1626169146000', 50, '2012-03-21', 6),
        (91, 3, 'The Death of Ivan Ilych by', 'Lorem ipsum dolor sit amet, consectetur adipisicing elit. Est magni unde vel.', 4, '//bizweb.dktcdn.net/thumb/large/100/282/917/products/9780307951335.jpg?v=1626234017000', 58, '2015-09-12', 2),
        (92, 4, 'Creative Space Journal by', 'Lorem ipsum dolor sit amet, consectetur adipisicing elit. Est magni unde vel.', 3, '//bizweb.dktcdn.net/thumb/large/100/282/917/products/9781454936343.jpg?v=1626234215000', 60, '2014-01-14', 1),
        (93, 4, 'Collected Novellas by', 'Lorem ipsum dolor sit amet, consectetur adipisicing elit. Ex explicabo mollitia, nesciunt saepe sed temporibus.', 2, '//bizweb.dktcdn.net/thumb/large/100/282/917/products/9780060932664.jpg?v=1626234421000', 41, '2001-11-18', 4),
        (94, 2, 'Churchill and Orwell: The Fight for Freedom by Thomas E. Ricks', 'Lorem ipsum dolor sit amet, consectetur adipisicing elit. Asperiores, porro.', 2, '//bizweb.dktcdn.net/thumb/large/100/282/917/products/9780143110880-2fc92ba3-abb0-46d6-8ed5-c4812079898a.jpg?v=1626234636000', 47, '2004-07-17', 14),
        (95, 1, 'Ceremony (Penguin Orange Collection) by', 'Lorem ipsum dolor sit amet, consectetur adipisicing elit. Asperiores, porro.', 3, '//bizweb.dktcdn.net/thumb/large/100/282/917/products/9780143129462.jpg?v=1626234840000', 57, '2002-11-14', 16),
        (96, 5, 'Cari Mora by', 'Lorem ipsum dolor sit amet, consectetur adipisicing elit. Est magni unde vel.', 2, '//bizweb.dktcdn.net/thumb/large/100/282/917/products/9781538750124.jpg?v=1626235070000', 53, '2015-02-24', 3),
        (97, 2, 'A brief history of seven killings by James Marlon', 'Lorem ipsum dolor sit amet, consectetur adipisicing elit. Ex explicabo mollitia, nesciunt saepe sed temporibus.', 2, '//bizweb.dktcdn.net/thumb/large/100/282/917/products/9781594633942.jpg?v=1626236932000', 57, '2005-05-05', 12),
        (98, 5, 'The Brief and Frightening Reign of Phil by George Saunders', 'Lorem ipsum dolor sit amet, consectetur adipisicing elit. Asperiores, porro.', 4, '//bizweb.dktcdn.net/thumb/large/100/282/917/products/9781594481529.jpg?v=1626237012000', 34, '2021-12-27', 20),
        (99, 4, 'Brand Portfolio Strategy: Creating Relevance, Differentiation, Energy, Leverage, and Clarity by', 'Lorem ipsum dolor sit amet, consectetur adipisicing elit. Ex explicabo mollitia, nesciunt saepe sed temporibus.', 3, '//bizweb.dktcdn.net/thumb/large/100/282/917/products/9781982146528.jpg?v=1626237120000', 44, '2021-04-13', 8),
        (100, 1, 'Birds of Vietnam, Cambodia and Laos (Pocket Photo Guides) by', 'Lorem ipsum dolor sit amet, consectetur adipisicing elit. Ex explicabo mollitia, nesciunt saepe sed temporibus.', 2, '//bizweb.dktcdn.net/thumb/large/100/282/917/products/9781472982117.jpg?v=1626237715000', 37, '2011-04-06', 1),
        (101, 1, 'Big Sur by Jack Kerouac', 'Lorem ipsum dolor sit amet, consectetur adipisicing elit. Cupiditate, et illum in incidunt ipsam labore magni natus nisi nobis, odit porro, recusandae repellendus sit soluta suscipit! Corporis ea esse laborum.', 4, '//bizweb.dktcdn.net/thumb/large/100/282/917/products/9780143119234-b2d2e04e-01a2-42c9-a7fd-dcff31f5f5df.jpg?v=1626237795000', 43, '2012-12-03', 5),
        (102, 4, 'A Bend in the River by', 'Lorem ipsum dolor sit amet, consectetur adipisicing elit. Cupiditate, et illum in incidunt ipsam labore magni natus nisi nobis, odit porro, recusandae repellendus sit soluta suscipit! Corporis ea esse laborum.', 5, '//bizweb.dktcdn.net/thumb/large/100/282/917/products/9780679722021.jpg?v=1626237870000', 36, '2010-05-22', 12),
        (103, 1, 'Ancient Egypt (30-Second) by', 'Lorem ipsum dolor sit amet, consectetur adipisicing elit. Est magni unde vel.', 2, '//bizweb.dktcdn.net/thumb/large/100/282/917/products/41g0i5vheql-sx386-bo1-204-203-200.jpg?v=1626238076000', 40, '2014-09-26', 17),
        (104, 5, 'Architecture (30-Second) by', 'Lorem ipsum dolor sit amet, consectetur adipisicing elit. Cupiditate, et illum in incidunt ipsam labore magni natus nisi nobis, odit porro, recusandae repellendus sit soluta suscipit! Corporis ea esse laborum.', 4, '//bizweb.dktcdn.net/thumb/large/100/282/917/products/9781782406389.jpg?v=1626238495000', 42, '2010-07-04', 16),
        (105, 5, 'The Arabian Nights (Paper Mill Classics) by', 'Lorem ipsum dolor sit amet, consectetur adipisicing elit. At commodi culpa dolore dolorum et harum labore nam obcaecati quia quis?', 3, '//bizweb.dktcdn.net/thumb/large/100/282/917/products/51rsx4xulcl-sx327-bo1-204-203-200.jpg?v=1626238695000', 53, '2012-03-10', 1),
        (106, 4, 'Ancient Greece (30-Second) by', 'Lorem ipsum dolor sit amet, consectetur adipisicing elit. Cupiditate, et illum in incidunt ipsam labore magni natus nisi nobis, odit porro, recusandae repellendus sit soluta suscipit! Corporis ea esse laborum.', 2, '//bizweb.dktcdn.net/thumb/large/100/282/917/products/9781782405900.jpg?v=1626239077000', 57, '2016-11-15', 3),
        (107, 2, 'After by', 'Lorem ipsum dolor sit amet, consectetur adipisicing elit. At commodi culpa dolore dolorum et harum labore nam obcaecati quia quis?', 4, '//bizweb.dktcdn.net/thumb/large/100/282/917/products/9781476792484.jpg?v=1626239289000', 54, '2017-03-30', 0),
        (108, 2, 'The Prince (Everyman''s Library) by Niccolo Machiavelli', 'Lorem ipsum dolor sit amet, consectetur adipisicing elit. Ex explicabo mollitia, nesciunt saepe sed temporibus.', 5, '//bizweb.dktcdn.net/thumb/large/100/282/917/products/z2873057501022-1cbb228329c08d5bf2f04b619dde190f.jpg?v=1635759728000', 52, '2004-11-29', 4),
        (109, 5, 'Americanah by Chimamanda Ngozi Adichie', 'Lorem ipsum dolor sit amet, consectetur adipisicing elit. Est magni unde vel.', 5, '//bizweb.dktcdn.net/thumb/large/100/282/917/products/02-a.jpg?v=1624172761000', 33, '2003-11-27', 14),
        (110, 4, 'I Can''t Think Straight by Shamim Sarif', 'Lorem ipsum dolor sit amet, consectetur adipisicing elit. Asperiores, porro.', 2, '//bizweb.dktcdn.net/thumb/large/100/282/917/products/05.jpg?v=1624177020000', 30, '2008-09-30', 5),
        (111, 1, 'A Brief History of Time by Stephen Hawking', 'Lorem ipsum dolor sit amet, consectetur adipisicing elit. Cupiditate, et illum in incidunt ipsam labore magni natus nisi nobis, odit porro, recusandae repellendus sit soluta suscipit! Corporis ea esse laborum.', 2, '//bizweb.dktcdn.net/thumb/large/100/282/917/products/06.jpg?v=1624177290000', 51, '2013-08-20', 5),
        (112, 2, 'Art: A Visual History by Robert Cumming', 'Lorem ipsum dolor sit amet, consectetur adipisicing elit. Asperiores, porro.', 3, '//bizweb.dktcdn.net/thumb/large/100/282/917/products/09.jpg?v=1624177922000', 33, '2015-10-14', 0),
        (113, 1, 'Architecture: A Visual History by Jonathan Glancey', 'Lorem ipsum dolor sit amet, consectetur adipisicing elit. At commodi culpa dolore dolorum et harum labore nam obcaecati quia quis?', 3, '//bizweb.dktcdn.net/thumb/large/100/282/917/products/15-5ffd537c-ceef-49ad-976b-a729455b255c.jpg?v=1624179866000', 54, '2017-02-08', 16),
        (114, 4, '(Used) The Audacity of Hope by Barack Obama', 'Lorem ipsum dolor sit amet, consectetur adipisicing elit. Asperiores, porro.', 4, '//bizweb.dktcdn.net/thumb/large/100/282/917/products/9781847670830.jpg?v=1626240709000', 30, '2021-11-06', 3),
        (115, 1, 'Home Body by Rupi Kaur', 'Lorem ipsum dolor sit amet, consectetur adipisicing elit. Cupiditate, et illum in incidunt ipsam labore magni natus nisi nobis, odit porro, recusandae repellendus sit soluta suscipit! Corporis ea esse laborum.', 4, '//bizweb.dktcdn.net/thumb/large/100/282/917/products/9781449486808.jpg?v=1626241749000', 42, '2004-04-20', 15),
        (116, 3, 'International Commercial Litigation: Text, Cases and Materials on Private International Law 3rd Edition by', 'Lorem ipsum dolor sit amet, consectetur adipisicing elit. At commodi culpa dolore dolorum et harum labore nam obcaecati quia quis?', 5, '//bizweb.dktcdn.net/thumb/large/100/282/917/products/9781108721134.jpg?v=1626242134000', 39, '2007-07-18', 15),
        (117, 5, 'A General Introduction to Psychoanalysis by Sigmund Freud', 'Lorem ipsum dolor sit amet, consectetur adipisicing elit. Est magni unde vel.', 4, '//bizweb.dktcdn.net/thumb/large/100/282/917/products/9781840226867.jpg?v=1626242373000', 55, '2017-11-08', 8),
        (118, 5, 'Vintage Collected Papers of SIGMUND FREUD ~ Volume II 1950', 'Lorem ipsum dolor sit amet, consectetur adipisicing elit. At commodi culpa dolore dolorum et harum labore nam obcaecati quia quis?', 2, '//bizweb.dktcdn.net/thumb/large/100/282/917/products/z2879244782873-d5a13c6d08d278742433fb688dcdcd71-6b8f5768-7ca9-48f6-b43f-f67dd341fb1d.jpg?v=1635763989000', 59, '2007-03-24', 1),
        (119, 1, 'Vintage Collected Papers of SIGMUND FREUD ~ Volume I 1950', 'Lorem ipsum dolor sit amet, consectetur adipisicing elit. Est magni unde vel.', 5, '//bizweb.dktcdn.net/thumb/large/100/282/917/products/z2879244782873-d5a13c6d08d278742433fb688dcdcd71.jpg?v=1635763994000', 45, '2012-05-20', 15),
        (120, 4, '(Rare) Wuthering Heights by Emily Bronte Caxton House Publishers Rockefeller Plaza', 'Lorem ipsum dolor sit amet, consectetur adipisicing elit. At commodi culpa dolore dolorum et harum labore nam obcaecati quia quis?', 2, '//bizweb.dktcdn.net/thumb/large/100/282/917/products/z2873268640152-6bd5290d992cd0d7bef16a449b1595e6.jpg?v=1635742937000', 37, '2005-06-30', 12),
        (121, 5, 'The past recaptured by Marcel Proust (The Modern library [no. 278])', 'Lorem ipsum dolor sit amet, consectetur adipisicing elit. At commodi culpa dolore dolorum et harum labore nam obcaecati quia quis?', 4, '//bizweb.dktcdn.net/thumb/large/100/282/917/products/z2879183373094-c987e3f8e9de4d978ed9c3d75a0d22c4.jpg?v=1635743139000', 42, '2021-05-06', 8),
        (122, 4, 'Within A Budding Grove by Marcel Proust', 'Lorem ipsum dolor sit amet, consectetur adipisicing elit. At commodi culpa dolore dolorum et harum labore nam obcaecati quia quis?', 3, '//bizweb.dktcdn.net/thumb/large/100/282/917/products/z2879183327094-eb33048a7a0b8db43f831e7d99ee3111.jpg?v=1635749974000', 60, '2014-09-15', 17),
        (123, 5, '(First Edition) ALL QUIET ON THE WESTERN FRONT by Erich Maria Remarque', 'Lorem ipsum dolor sit amet, consectetur adipisicing elit. At commodi culpa dolore dolorum et harum labore nam obcaecati quia quis?', 3, '//bizweb.dktcdn.net/thumb/large/100/282/917/products/z2882129511294-b73e7feb9208b02fcab317b7bd9732f7.jpg?v=1635752111000', 57, '2007-03-30', 6),
        (124, 4, '(First Edition) The Road Back by Erich Maria Remarque 1931', 'Lorem ipsum dolor sit amet, consectetur adipisicing elit. Asperiores, porro.', 2, '//bizweb.dktcdn.net/thumb/large/100/282/917/products/z2882129511294-b73e7feb9208b02fcab317b7bd9732f7-fd8ddaed-fa71-4722-801d-e642692ea15f.jpg?v=1635752141000', 33, '2009-01-12', 13),
        (125, 3, 'The Grapes Of Wrath By John Steinbeck 1967 Book Club Edition', 'Lorem ipsum dolor sit amet, consectetur adipisicing elit. Asperiores, porro.', 2, '//bizweb.dktcdn.net/thumb/large/100/282/917/products/z2876486957123-383c9eade1f413e496ecce8ec0c0b746.jpg?v=1635751442000', 56, '2012-04-18', 20),
        (126, 3, 'いま、会いにゆきます Tankobon Hardcover', 'Lorem ipsum dolor sit amet, consectetur adipisicing elit. Cupiditate, et illum in incidunt ipsam labore magni natus nisi nobis, odit porro, recusandae repellendus sit soluta suscipit! Corporis ea esse laborum.', 4, '//bizweb.dktcdn.net/thumb/large/100/282/917/products/416x6qtm1al-sx349-bo1-204-203-200.jpg?v=1626245596000', 38, '2004-08-23', 7),
        (127, 1, 'La version et les mots anglais', 'Lorem ipsum dolor sit amet, consectetur adipisicing elit. Ex explicabo mollitia, nesciunt saepe sed temporibus.', 3, '//bizweb.dktcdn.net/thumb/large/100/282/917/products/z2876486756664-325165e0b73fa0c7cd8859eb8faa169d.jpg?v=1635763588000', 40, '2019-07-14', 18),
        (128, 5, 'Kane and Abel - Jeffrey Archer (French Edition)', 'Lorem ipsum dolor sit amet, consectetur adipisicing elit. Asperiores, porro.', 4, '//bizweb.dktcdn.net/thumb/large/100/282/917/products/z2876278576566-a7a76628b90a67da296f01c43ca0239b.jpg?v=1635751741000', 51, '2004-11-23', 17),
        (129, 1, 'Dictionnaire des mots et des idées - U. Lacroix', 'Lorem ipsum dolor sit amet, consectetur adipisicing elit. Ex explicabo mollitia, nesciunt saepe sed temporibus.', 5, '//bizweb.dktcdn.net/thumb/large/100/282/917/products/images.jpg?v=1635751914000', 47, '2000-06-10', 20),
        (130, 3, 'The Complete Works of Oscar Wilde, Volume XII: Hardcover', 'Lorem ipsum dolor sit amet, consectetur adipisicing elit. Asperiores, porro.', 4, '//bizweb.dktcdn.net/thumb/large/100/282/917/products/z2876218829750-60397b8040f964307848213d73945d9d.jpg?v=1635752472000', 55, '2013-07-10', 12),
        (131, 5, 'THE DRIFTERS by JAMES MICHENER', 'Lorem ipsum dolor sit amet, consectetur adipisicing elit. Est magni unde vel.', 2, '//bizweb.dktcdn.net/thumb/large/100/282/917/products/z2876486908234-fd595d071653a7f70324a050ff6cf6bc.jpg?v=1635752546000', 40, '2019-10-11', 7),
        (132, 3, 'Les caractères: BRUYERE La', 'Lorem ipsum dolor sit amet, consectetur adipisicing elit. Cupiditate, et illum in incidunt ipsam labore magni natus nisi nobis, odit porro, recusandae repellendus sit soluta suscipit! Corporis ea esse laborum.', 5, '//bizweb.dktcdn.net/thumb/large/100/282/917/products/z2876486852588-8fd5bfc7eee490e983bdd3eec16c5984.jpg?v=1635752958000', 59, '2008-02-09', 15),
        (133, 3, 'Standard Stories from Operas by Gladys Davidson', 'Lorem ipsum dolor sit amet, consectetur adipisicing elit. Asperiores, porro.', 2, '//bizweb.dktcdn.net/thumb/large/100/282/917/products/z2879183190631-cf615aa0cf41827f083ee673962821e1.jpg?v=1635753018000', 32, '2012-09-05', 18),
        (134, 5, '(First Edition) A History of Western Philosophy by Russell, Bertrand', 'Lorem ipsum dolor sit amet, consectetur adipisicing elit. At commodi culpa dolore dolorum et harum labore nam obcaecati quia quis?', 3, '//bizweb.dktcdn.net/thumb/large/assets/themes_support/noimage.gif', 49, '2018-08-25', 7),
        (135, 1, 'ARISTOTLE Rhetoric and On Poetics (The Franklin Library)', 'Lorem ipsum dolor sit amet, consectetur adipisicing elit. Cupiditate, et illum in incidunt ipsam labore magni natus nisi nobis, odit porro, recusandae repellendus sit soluta suscipit! Corporis ea esse laborum.', 3, '//bizweb.dktcdn.net/thumb/large/100/282/917/products/z2873268604588-2e061903215a208498db0c366ff07022.jpg?v=1635754327000', 31, '2011-04-26', 2),
        (136, 5, '(First Edition) Annette & Co by Irene Cheyne', 'Lorem ipsum dolor sit amet, consectetur adipisicing elit. Ex explicabo mollitia, nesciunt saepe sed temporibus.', 3, '//bizweb.dktcdn.net/thumb/large/100/282/917/products/z2879183288867-37cba7d82f2491c29a0315550be1e565.jpg?v=1635754480000', 56, '2002-06-13', 8),
        (137, 5, '(First Edition) Requiem for a Nun William Faulkner', 'Lorem ipsum dolor sit amet, consectetur adipisicing elit. Ex explicabo mollitia, nesciunt saepe sed temporibus.', 5, '//bizweb.dktcdn.net/thumb/large/assets/themes_support/noimage.gif', 30, '2013-11-08', 8),
        (138, 2, '(First Edition) The Essential Hemingway by Ernest Hemingway', 'Lorem ipsum dolor sit amet, consectetur adipisicing elit. At commodi culpa dolore dolorum et harum labore nam obcaecati quia quis?', 2, '//bizweb.dktcdn.net/thumb/large/100/282/917/products/z2882231158418-379648ca383bc7aa14494301d03fb216.jpg?v=1635755098000', 53, '2001-10-01', 9),
        (139, 1, '(First Edition) Crossing The Water by Sylvia Plath', 'Lorem ipsum dolor sit amet, consectetur adipisicing elit. Cupiditate, et illum in incidunt ipsam labore magni natus nisi nobis, odit porro, recusandae repellendus sit soluta suscipit! Corporis ea esse laborum.', 4, '//bizweb.dktcdn.net/thumb/large/100/282/917/products/81ibwfqup1l.jpg?v=1635926973000', 57, '2019-07-06', 20),
        (140, 3, 'Lolita by Vladímir Nabokov (1997, Hardcover, Annotated edition)', 'Lorem ipsum dolor sit amet, consectetur adipisicing elit. Est magni unde vel.', 2, '//bizweb.dktcdn.net/thumb/large/100/282/917/products/z2873057528292-f4ff7d2327501085c70425a4ab1739b7.jpg?v=1635758965000', 57, '2018-01-06', 12),
        (141, 3, 'THE MOON IS DOWN AND SHORT STORIES BY JOHN STEINBECK [COLLIER HARDCOVER / 1942]', 'Lorem ipsum dolor sit amet, consectetur adipisicing elit. Asperiores, porro.', 4, '//bizweb.dktcdn.net/thumb/large/100/282/917/products/z2882231286227-5fafccd0dea328f1c96cca1e50dbeba6.jpg?v=1635759284000', 42, '2015-08-23', 6),
        (142, 4, '(Signed First Edition) Ocean At The End Of The Lane by Neil Gaiman', 'Lorem ipsum dolor sit amet, consectetur adipisicing elit. Ex explicabo mollitia, nesciunt saepe sed temporibus.', 3, '//bizweb.dktcdn.net/thumb/large/100/282/917/products/z2882231387240-22b8fe984bbc8bf085e1677d2c7bdce5.jpg?v=1635759479000', 60, '2004-03-10', 10),
        (143, 2, '(First Edition) A Moveable Feast by Ernest Hemingway', 'Lorem ipsum dolor sit amet, consectetur adipisicing elit. Ex explicabo mollitia, nesciunt saepe sed temporibus.', 5, '//bizweb.dktcdn.net/thumb/large/assets/themes_support/noimage.gif', 53, '2000-08-01', 4),
        (144, 2, '(1943 First Edition) A Tree Grows in Brooklyn by Betty Smith', 'Lorem ipsum dolor sit amet, consectetur adipisicing elit. Ex explicabo mollitia, nesciunt saepe sed temporibus.', 4, '//bizweb.dktcdn.net/thumb/large/100/282/917/products/z2876218874647-950563ebf0e4a30a68c2e002b0a7511a.jpg?v=1635762155000', 46, '2008-10-29', 11),
        (145, 1, '(First Edition) The Godfather by Mario Puzo', 'Lorem ipsum dolor sit amet, consectetur adipisicing elit. Est magni unde vel.', 2, '//bizweb.dktcdn.net/thumb/large/100/282/917/products/z2873268572144-a59826042e8a6cbedbee79372489effe.jpg?v=1635926247000', 41, '2009-12-11', 18),
        (146, 2, '(SIGNED Edition) If Tomorrow Comes by Sidney Sheldon', 'Lorem ipsum dolor sit amet, consectetur adipisicing elit. Est magni unde vel.', 4, '//bizweb.dktcdn.net/thumb/large/100/282/917/products/9780446357425.jpg?v=1626246755000', 58, '2000-01-02', 2),
        (147, 3, '(Signed Edition) Fingersmith by Sarah Waters', 'Lorem ipsum dolor sit amet, consectetur adipisicing elit. Ex explicabo mollitia, nesciunt saepe sed temporibus.', 4, '//bizweb.dktcdn.net/thumb/large/100/282/917/products/9781573229722-c38347f7-2d06-4a3e-8e09-d2690cec8adb.jpg?v=1626249298000', 32, '2001-10-16', 16),
        (148, 2, '(Signed Edition) The Shock of the Fall by Nathan Filer', 'Lorem ipsum dolor sit amet, consectetur adipisicing elit. Asperiores, porro.', 3, '//bizweb.dktcdn.net/thumb/large/100/282/917/products/9781250028136.jpg?v=1626250008000', 46, '2000-05-16', 15),
        (149, 3, '(Signed Edition) INTERVIEW WITH THE VAMPIRE by Anne Rice', 'Lorem ipsum dolor sit amet, consectetur adipisicing elit. Asperiores, porro.', 4, '//bizweb.dktcdn.net/thumb/large/100/282/917/products/9780394498218.jpg?v=1626251107000', 56, '2001-09-08', 17),
        (150, 5, '(First Deluxe Edition) Harry Potter And The Goblet Of Fire (UK)', 'Lorem ipsum dolor sit amet, consectetur adipisicing elit. Cupiditate, et illum in incidunt ipsam labore magni natus nisi nobis, odit porro, recusandae repellendus sit soluta suscipit! Corporis ea esse laborum.', 3, '//bizweb.dktcdn.net/thumb/large/100/282/917/products/md30944415649.jpg?v=1626251284000', 52, '2004-09-14', 17),
        (151, 3, '(First Edition) Harry Potter and the Deathly Hallows (Bloomsburry)', 'Lorem ipsum dolor sit amet, consectetur adipisicing elit. Est magni unde vel.', 4, '//bizweb.dktcdn.net/thumb/large/100/282/917/products/md30613474416.jpg?v=1626251418000', 60, '2019-12-22', 7),
        (152, 5, '(First Edition) Harry Potter and the Half Blood Prince (Bloomsbury)', 'Lorem ipsum dolor sit amet, consectetur adipisicing elit. At commodi culpa dolore dolorum et harum labore nam obcaecati quia quis?', 4, '//bizweb.dktcdn.net/thumb/large/100/282/917/products/9780786277452.jpg?v=1626251608000', 41, '2012-06-13', 5),
        (153, 5, 'Lust & Wonder by Augusten Burroughs (Signed & First Edition)', 'Lorem ipsum dolor sit amet, consectetur adipisicing elit. Ex explicabo mollitia, nesciunt saepe sed temporibus.', 4, '//bizweb.dktcdn.net/thumb/large/100/282/917/products/s-l640-6f29fe2b-797c-400f-9728-79c194850e49.jpg?v=1626251729000', 59, '2000-06-30', 5),
        (154, 1, 'Jean Santeuil by Marcel Proust (First Edition - 2nd Printing)', 'Lorem ipsum dolor sit amet, consectetur adipisicing elit. Est magni unde vel.', 5, '//bizweb.dktcdn.net/thumb/large/assets/themes_support/noimage.gif', 43, '2011-05-24', 12),
        (155, 1, 'The Complete Grimm''s Fairy Tales with 40 Color Plates and 60 Black & White Plates from Award-Winning Illustrator Arthur Rackham by', 'Lorem ipsum dolor sit amet, consectetur adipisicing elit. Cupiditate, et illum in incidunt ipsam labore magni natus nisi nobis, odit porro, recusandae repellendus sit soluta suscipit! Corporis ea esse laborum.', 5, '//bizweb.dktcdn.net/thumb/large/100/282/917/products/9781435141797-16acb3e0-70a8-4e0c-8121-b4fc11421240.jpg?v=1626258378000', 55, '2010-06-08', 13),
        (156, 4, 'Smithsonian Exploration Station: Solar System by', 'Lorem ipsum dolor sit amet, consectetur adipisicing elit. Est magni unde vel.', 4, '//bizweb.dktcdn.net/thumb/large/100/282/917/products/9781626867222.jpg?v=1626258732000', 44, '2009-06-27', 8),
        (157, 2, 'Type Talk: The 16 Personality Types That Determine How We Live, Love, and Work by Otto Kroeger', 'Lorem ipsum dolor sit amet, consectetur adipisicing elit. Cupiditate, et illum in incidunt ipsam labore magni natus nisi nobis, odit porro, recusandae repellendus sit soluta suscipit! Corporis ea esse laborum.', 5, '//bizweb.dktcdn.net/thumb/large/100/282/917/products/16-types.jpg?v=1614947568520', 39, '2016-08-15', 17),
        (158, 2, 'Women by Charles Bukowski', 'Lorem ipsum dolor sit amet, consectetur adipisicing elit. Cupiditate, et illum in incidunt ipsam labore magni natus nisi nobis, odit porro, recusandae repellendus sit soluta suscipit! Corporis ea esse laborum.', 5, '//bizweb.dktcdn.net/thumb/large/100/282/917/products/women.jpg?v=1614948488000', 40, '2003-06-22', 6),
        (159, 4, 'THE LIFE OF GREECE WILL DURANT', 'Lorem ipsum dolor sit amet, consectetur adipisicing elit. Cupiditate, et illum in incidunt ipsam labore magni natus nisi nobis, odit porro, recusandae repellendus sit soluta suscipit! Corporis ea esse laborum.', 5, '//bizweb.dktcdn.net/thumb/large/100/282/917/products/z2873219834907-a51422a57ff41a88e3e73ffb511e1fe4.jpg?v=1635760556000', 33, '2009-08-04', 12),
        (160, 2, 'THE REFOMATION WILL DURANT', 'Lorem ipsum dolor sit amet, consectetur adipisicing elit. Est magni unde vel.', 2, '//bizweb.dktcdn.net/thumb/large/100/282/917/products/z2873233991983-71333ed2bbc766c89f07a773d5114f69.jpg?v=1635761014000', 32, '2005-06-01', 15),
        (161, 5, 'You Are a Bada**: How to Stop Doubting Your Greatness and Start Living An Awesome Life by Jen Sincero', 'Lorem ipsum dolor sit amet, consectetur adipisicing elit. Cupiditate, et illum in incidunt ipsam labore magni natus nisi nobis, odit porro, recusandae repellendus sit soluta suscipit! Corporis ea esse laborum.', 2, '//bizweb.dktcdn.net/thumb/large/100/282/917/products/9781473649521.jpg?v=1614950991000', 43, '2020-08-30', 4),
        (162, 5, 'Obedience to Authority: An Experimental View (The Resistance Library) by', 'Lorem ipsum dolor sit amet, consectetur adipisicing elit. Ex explicabo mollitia, nesciunt saepe sed temporibus.', 2, '//bizweb.dktcdn.net/thumb/large/100/282/917/products/obedience-to-authority.jpg?v=1614679214000', 31, '2005-02-15', 10),
        (163, 1, 'How They Got into Harvard: 50 Successful Applicants Share 8 Key Strategies for Getting into the College of Your Choice by  Staff of the Harvard Crimson', 'Lorem ipsum dolor sit amet, consectetur adipisicing elit. Cupiditate, et illum in incidunt ipsam labore magni natus nisi nobis, odit porro, recusandae repellendus sit soluta suscipit! Corporis ea esse laborum.', 2, '//bizweb.dktcdn.net/thumb/large/100/282/917/products/how-they-got-into-hv.jpg?v=1614587733930', 49, '2017-03-28', 20),
        (164, 5, 'The Goldfinch by', 'Lorem ipsum dolor sit amet, consectetur adipisicing elit. Asperiores, porro.', 2, '//bizweb.dktcdn.net/thumb/large/100/282/917/products/the-goldfinch.jpg?v=1614588120000', 55, '2009-11-23', 7),
        (165, 3, 'Advice Not Given: A Guide to Getting Over Yourself by Dr Mark Epstein', 'Lorem ipsum dolor sit amet, consectetur adipisicing elit. Cupiditate, et illum in incidunt ipsam labore magni natus nisi nobis, odit porro, recusandae repellendus sit soluta suscipit! Corporis ea esse laborum.', 5, '//bizweb.dktcdn.net/thumb/large/100/282/917/products/advice-not-given.jpg?v=1614588575060', 54, '2005-05-05', 0),
        (166, 5, '50 Yale Admission Success Stories by  Yale Daily News', 'Lorem ipsum dolor sit amet, consectetur adipisicing elit. Ex explicabo mollitia, nesciunt saepe sed temporibus.', 2, '//bizweb.dktcdn.net/thumb/large/100/282/917/products/50-yale.jpg?v=1614588682000', 43, '2012-01-07', 0),
        (167, 2, '21 Secrets of Million-Dollar Sellers: America''s Top Earners Reveal the Keys to Sales Success by Stephen J Harvill', 'Lorem ipsum dolor sit amet, consectetur adipisicing elit. Ex explicabo mollitia, nesciunt saepe sed temporibus.', 2, '//bizweb.dktcdn.net/thumb/large/100/282/917/products/21-secrets.jpg?v=1614589047000', 52, '2005-07-13', 3),
        (168, 4, 'Game of Thrones: The Poster Collection, Volume II (1) (Insights Poster Collections) by HBO', 'Lorem ipsum dolor sit amet, consectetur adipisicing elit. At commodi culpa dolore dolorum et harum labore nam obcaecati quia quis?', 4, '//bizweb.dktcdn.net/thumb/large/100/282/917/products/game-of-thrones-poster.jpg?v=1614589305917', 49, '2016-02-11', 15),
        (169, 4, 'Drives of a Lifetime: 500 of the World''s Most Spectacular Trips by National Geographic', 'Lorem ipsum dolor sit amet, consectetur adipisicing elit. At commodi culpa dolore dolorum et harum labore nam obcaecati quia quis?', 4, '//bizweb.dktcdn.net/thumb/large/100/282/917/products/61arzfgsg3l-sx381-bo1-204-203-200.jpg?v=1614600005520', 33, '2008-03-08', 11),
        (170, 5, 'Home by Ellen DeGeneres', 'Lorem ipsum dolor sit amet, consectetur adipisicing elit. At commodi culpa dolore dolorum et harum labore nam obcaecati quia quis?', 2, '//bizweb.dktcdn.net/thumb/large/100/282/917/products/home-ellen.jpg?v=1614591301200', 33, '2020-06-16', 0),
        (171, 4, 'Fantastic Cities: Coloring Poster Set by Steve McDonald', 'Lorem ipsum dolor sit amet, consectetur adipisicing elit. Asperiores, porro.', 2, '//bizweb.dktcdn.net/thumb/large/100/282/917/products/fantastic-cities.jpg?v=1614591754097', 35, '2019-03-28', 3),
        (172, 4, 'Willpower Doesn''t Work by Benjamin Hardy', 'Lorem ipsum dolor sit amet, consectetur adipisicing elit. Est magni unde vel.', 2, '//bizweb.dktcdn.net/thumb/large/100/282/917/products/will-power.jpg?v=1614592217467', 59, '2013-11-08', 2),
        (173, 1, 'The 5 Love Languages and two companion journals by Gary Chapman', 'Lorem ipsum dolor sit amet, consectetur adipisicing elit. Cupiditate, et illum in incidunt ipsam labore magni natus nisi nobis, odit porro, recusandae repellendus sit soluta suscipit! Corporis ea esse laborum.', 5, '//bizweb.dktcdn.net/thumb/large/100/282/917/products/the-5-love-languages.jpg?v=1614598826000', 55, '2010-01-25', 10),
        (174, 2, 'Fantastic Cities: 20 Postcards to Color (Adult Coloring Postcards, Stationery to Color or Paint) by', 'Lorem ipsum dolor sit amet, consectetur adipisicing elit. Cupiditate, et illum in incidunt ipsam labore magni natus nisi nobis, odit porro, recusandae repellendus sit soluta suscipit! Corporis ea esse laborum.', 5, '//bizweb.dktcdn.net/thumb/large/100/282/917/products/fantastic-cities-coloring-book.jpg?v=1614599494000', 38, '2006-01-12', 16),
        (175, 4, 'Free to Focus: A Total Productivity System to Achieve More by Doing Less by Michael Hyatt', 'Lorem ipsum dolor sit amet, consectetur adipisicing elit. At commodi culpa dolore dolorum et harum labore nam obcaecati quia quis?', 3, '//bizweb.dktcdn.net/thumb/large/100/282/917/products/free-to-focus.jpg?v=1614592966000', 58, '2012-11-02', 15),
        (176, 3, 'TransAtlantic: A Novel by Colum McCann', 'Lorem ipsum dolor sit amet, consectetur adipisicing elit. Ex explicabo mollitia, nesciunt saepe sed temporibus.', 4, '//bizweb.dktcdn.net/thumb/large/100/282/917/products/transatlantic.jpg?v=1614682777163', 42, '2003-04-15', 20),
        (177, 1, 'Principles of marketing', 'Lorem ipsum dolor sit amet, consectetur adipisicing elit. Ex explicabo mollitia, nesciunt saepe sed temporibus.', 5, '//bizweb.dktcdn.net/thumb/large/100/282/917/products/9781292220178.jpg?v=1626316543000', 42, '2017-09-21', 17),
        (178, 5, 'The kiss quotent', 'Lorem ipsum dolor sit amet, consectetur adipisicing elit. Asperiores, porro.', 2, '//bizweb.dktcdn.net/thumb/large/100/282/917/products/9781786496768.jpg?v=1626317134000', 57, '2015-10-23', 20),
        (179, 2, 'Fantastic Structures: A Coloring Book of Amazing Buildings Real and Imagined by', 'Lorem ipsum dolor sit amet, consectetur adipisicing elit. Ex explicabo mollitia, nesciunt saepe sed temporibus.', 4, '//bizweb.dktcdn.net/thumb/large/100/282/917/products/9781452153230.jpg?v=1626317458000', 54, '2013-01-29', 7),
        (180, 4, 'CITIES FANTASTIC', 'Lorem ipsum dolor sit amet, consectetur adipisicing elit. Ex explicabo mollitia, nesciunt saepe sed temporibus.', 3, '//bizweb.dktcdn.net/thumb/large/100/282/917/products/9781452149578.jpg?v=1626317628000', 49, '2017-04-21', 2),
        (181, 3, 'THINGS DO NOT CHANGE, WE CHANGE', 'Lorem ipsum dolor sit amet, consectetur adipisicing elit. Est magni unde vel.', 5, '//bizweb.dktcdn.net/thumb/large/100/282/917/products/9781626866010.jpg?v=1626318357000', 52, '2003-01-01', 2),
        (182, 5, 'Which of these Adventures shall we Choose? -J.M.Barrie', 'Lorem ipsum dolor sit amet, consectetur adipisicing elit. Est magni unde vel.', 2, '//bizweb.dktcdn.net/thumb/large/100/282/917/products/9781626866034.jpg?v=1626318542000', 37, '2014-07-31', 4),
        (183, 4, 'The Diviners (The Diviners (1)) by', 'Lorem ipsum dolor sit amet, consectetur adipisicing elit. Ex explicabo mollitia, nesciunt saepe sed temporibus.', 4, '//bizweb.dktcdn.net/thumb/large/100/282/917/products/9780316126106.jpg?v=1626319659000', 37, '2000-06-23', 6),
        (184, 1, 'Heartstopper: Volume 2 by', 'Lorem ipsum dolor sit amet, consectetur adipisicing elit. Ex explicabo mollitia, nesciunt saepe sed temporibus.', 3, '//bizweb.dktcdn.net/thumb/large/100/282/917/products/9781338617474.jpg?v=1626319908000', 60, '2010-12-03', 5),
        (185, 3, 'From Blood and Ash by', 'Lorem ipsum dolor sit amet, consectetur adipisicing elit. Est magni unde vel.', 2, '//bizweb.dktcdn.net/thumb/large/100/282/917/products/9781713548126.jpg?v=1626320050000', 42, '2007-09-29', 10),
        (186, 1, 'The 7 1/2 Deaths of Evelyn Hardcastle by', 'Lorem ipsum dolor sit amet, consectetur adipisicing elit. Asperiores, porro.', 2, '//bizweb.dktcdn.net/thumb/large/100/282/917/products/9781492670124.png?v=1626320279000', 53, '2018-05-18', 10),
        (187, 1, 'Mooncakes by', 'Lorem ipsum dolor sit amet, consectetur adipisicing elit. Est magni unde vel.', 2, '//bizweb.dktcdn.net/thumb/large/100/282/917/products/9781549303043.jpg?v=1626323638000', 57, '2005-10-13', 11),
        (188, 2, 'Mistborn Boxed Set I: Mistborn, The Well of Ascension, The Hero of Ages by', 'Lorem ipsum dolor sit amet, consectetur adipisicing elit. Cupiditate, et illum in incidunt ipsam labore magni natus nisi nobis, odit porro, recusandae repellendus sit soluta suscipit! Corporis ea esse laborum.', 4, '//bizweb.dktcdn.net/thumb/large/100/282/917/products/9780765381521.jpg?v=1626324019000', 53, '2001-09-15', 16),
        (189, 4, 'Act-Age, Vol. 1 by', 'Lorem ipsum dolor sit amet, consectetur adipisicing elit. At commodi culpa dolore dolorum et harum labore nam obcaecati quia quis?', 4, '//bizweb.dktcdn.net/thumb/large/100/282/917/products/9781974709960.jpg?v=1626324193000', 50, '2001-07-28', 18),
        (190, 5, 'Hunting Prince Dracula (Stalking Jack the Ripper (2)) by', 'Lorem ipsum dolor sit amet, consectetur adipisicing elit. At commodi culpa dolore dolorum et harum labore nam obcaecati quia quis?', 2, '//bizweb.dktcdn.net/thumb/large/100/282/917/products/9780316551670.jpg?v=1626324346000', 52, '2003-01-29', 9),
        (191, 3, 'In Persuasion Nation by', 'Lorem ipsum dolor sit amet, consectetur adipisicing elit. Ex explicabo mollitia, nesciunt saepe sed temporibus.', 3, '//bizweb.dktcdn.net/thumb/large/100/282/917/products/9781594482427.jpg?v=1626258880000', 47, '2013-08-11', 5),
        (192, 3, 'Last Night I Dreamed of Peace: The Diary of Dang Thuy Tram by Dang Thuy Tram', 'Lorem ipsum dolor sit amet, consectetur adipisicing elit. Cupiditate, et illum in incidunt ipsam labore magni natus nisi nobis, odit porro, recusandae repellendus sit soluta suscipit! Corporis ea esse laborum.', 2, '//bizweb.dktcdn.net/thumb/large/100/282/917/products/9780307347381.jpg?v=1607351372000', 31, '2016-04-18', 4),
        (193, 5, 'Zen Keys: A Guide to Zen Practice by Thich Nhat Hanh', 'Lorem ipsum dolor sit amet, consectetur adipisicing elit. At commodi culpa dolore dolorum et harum labore nam obcaecati quia quis?', 3, '//bizweb.dktcdn.net/thumb/large/100/282/917/products/51s-plus-ftwlsxl-sx331-bo1-204-203-200.jpg?v=1607235727127', 56, '2016-06-19', 17),
        (194, 2, 'Kaddish For An Unborn Child by Imre Kertesz', 'Lorem ipsum dolor sit amet, consectetur adipisicing elit. Asperiores, porro.', 5, '//bizweb.dktcdn.net/thumb/large/100/282/917/products/41ohoxmytkl-sx322-bo1-204-203-200.jpg?v=1607236132867', 45, '2004-03-28', 5),
        (195, 3, 'The Buddhist Tradition in India, China and Japan by', 'Lorem ipsum dolor sit amet, consectetur adipisicing elit. Est magni unde vel.', 5, '//bizweb.dktcdn.net/thumb/large/100/282/917/products/51lnbplpl0l-sx291-bo1-204-203-200.jpg?v=1607317284000', 50, '2010-08-08', 3),
        (196, 2, 'Where I''m Calling From: Selected Stories by Raymond Carver', 'Lorem ipsum dolor sit amet, consectetur adipisicing elit. Cupiditate, et illum in incidunt ipsam labore magni natus nisi nobis, odit porro, recusandae repellendus sit soluta suscipit! Corporis ea esse laborum.', 3, '//bizweb.dktcdn.net/thumb/large/100/282/917/products/51c9qvmcobl-sx326-bo1-204-203-200.jpg?v=1607322082000', 57, '2017-07-25', 13),
        (197, 4, 'The Prince (Penguin Great Ideas) by Niccolo Machiavelli', 'Lorem ipsum dolor sit amet, consectetur adipisicing elit. Ex explicabo mollitia, nesciunt saepe sed temporibus.', 3, '//bizweb.dktcdn.net/thumb/large/100/282/917/products/9780143036333-c5a3cddb-a410-4b24-897e-420cbec0a57b.jpg?v=1613973792477', 59, '2020-06-28', 18),
        (198, 3, 'The Real Life of Sebastian Knight by Vladimir Nabakov', 'Lorem ipsum dolor sit amet, consectetur adipisicing elit. Asperiores, porro.', 4, '//bizweb.dktcdn.net/thumb/large/100/282/917/products/9780679727262.jpg?v=1613974427497', 31, '2007-09-28', 15),
        (199, 5, 'Mary by Vladimir Nabokov', 'Lorem ipsum dolor sit amet, consectetur adipisicing elit. Est magni unde vel.', 2, '//bizweb.dktcdn.net/thumb/large/100/282/917/products/516anspqn9l-sx322-bo1-204-203-200.jpg?v=1607340812000', 45, '2006-11-19', 2),
        (200, 5, 'Fragrant Palm Leaves: Journals 1962-1966 by Thich Nhat Hanh', 'Lorem ipsum dolor sit amet, consectetur adipisicing elit. At commodi culpa dolore dolorum et harum labore nam obcaecati quia quis?', 5, '//bizweb.dktcdn.net/thumb/large/100/282/917/products/41ubsrit2sl-sx325-bo1-204-203-200.jpg?v=1607341683373', 35, '2012-08-01', 19),
        (201, 2, 'How Proust Can Change Your Life by Alain De Botton', 'Lorem ipsum dolor sit amet, consectetur adipisicing elit. Asperiores, porro.', 2, '//bizweb.dktcdn.net/thumb/large/100/282/917/products/61ws0k-ltjl-sx322-bo1-204-203-200.jpg?v=1607342136080', 46, '2014-05-21', 12),
        (202, 4, 'Being And Nothingness by Jean-Paul Sartre, Hazel E. Barnes', 'Lorem ipsum dolor sit amet, consectetur adipisicing elit. At commodi culpa dolore dolorum et harum labore nam obcaecati quia quis?', 4, '//bizweb.dktcdn.net/thumb/large/100/282/917/products/41rqcp5qo8l-sx320-bo1-204-203-200.jpg?v=1607345462000', 53, '2009-06-06', 15),
        (203, 3, 'Herculine Barbin by Michel Foucault', 'Lorem ipsum dolor sit amet, consectetur adipisicing elit. Ex explicabo mollitia, nesciunt saepe sed temporibus.', 2, '//bizweb.dktcdn.net/thumb/large/100/282/917/products/31nrxw9hmul-sx318-bo1-204-203-200.jpg?v=1607345812000', 31, '2006-12-04', 9),
        (204, 2, 'Discourse on Thinking by Martin Heidegger', 'Lorem ipsum dolor sit amet, consectetur adipisicing elit. Cupiditate, et illum in incidunt ipsam labore magni natus nisi nobis, odit porro, recusandae repellendus sit soluta suscipit! Corporis ea esse laborum.', 2, '//bizweb.dktcdn.net/thumb/large/100/282/917/products/9780061314599.jpg?v=1607401051000', 47, '2020-05-25', 0),
        (205, 2, 'Hegel : The Essential Writings by Frederick G. Weiss', 'Lorem ipsum dolor sit amet, consectetur adipisicing elit. Asperiores, porro.', 4, '//bizweb.dktcdn.net/thumb/large/100/282/917/products/9780061318313.jpg?v=1607401177767', 41, '2002-08-04', 20),
        (206, 3, 'Thirteen Ways of Looking: Fiction by Colum McCann', 'Lorem ipsum dolor sit amet, consectetur adipisicing elit. Est magni unde vel.', 4, '//bizweb.dktcdn.net/thumb/large/100/282/917/products/51v0wgwfvzl.jpg?v=1605873364013', 40, '2014-02-09', 10),
        (207, 2, 'Life of Pi by Yann Martel', 'Lorem ipsum dolor sit amet, consectetur adipisicing elit. Cupiditate, et illum in incidunt ipsam labore magni natus nisi nobis, odit porro, recusandae repellendus sit soluta suscipit! Corporis ea esse laborum.', 2, '//bizweb.dktcdn.net/thumb/large/100/282/917/products/9780857865533.jpg?v=1607348212000', 60, '2021-05-19', 12),
        (208, 4, 'Braving the Wilderness by Brené Brown', 'Lorem ipsum dolor sit amet, consectetur adipisicing elit. Ex explicabo mollitia, nesciunt saepe sed temporibus.', 3, '//bizweb.dktcdn.net/thumb/large/100/282/917/products/51rwd4pneql-sx329-bo1-204-203-200.jpg?v=1605873587233', 38, '2015-07-08', 11),
        (209, 5, 'The Golden House: A Novel by Salman Rushdie', 'Lorem ipsum dolor sit amet, consectetur adipisicing elit. Cupiditate, et illum in incidunt ipsam labore magni natus nisi nobis, odit porro, recusandae repellendus sit soluta suscipit! Corporis ea esse laborum.', 4, '//bizweb.dktcdn.net/thumb/large/100/282/917/products/9780399592805.jpg?v=1607348332000', 41, '2017-08-05', 2),
        (210, 4, 'Promise Me, Dad: A Year of Hope, Hardship, and Purpose by Joe Biden', 'Lorem ipsum dolor sit amet, consectetur adipisicing elit. At commodi culpa dolore dolorum et harum labore nam obcaecati quia quis?', 3, '//bizweb.dktcdn.net/thumb/large/100/282/917/products/9781250171672.jpg?v=1607348406150', 49, '2019-08-31', 13),
        (211, 4, 'Wildly Into the Dark: Typewriter Poems and the Rattlings of a Curious Mind by Tyler Knott Gregson', 'Lorem ipsum dolor sit amet, consectetur adipisicing elit. Asperiores, porro.', 3, '//bizweb.dktcdn.net/thumb/large/100/282/917/products/51uuwt9z8kl-sx361-bo1-204-203-200.jpg?v=1605873995100', 37, '2020-10-12', 0),
        (212, 4, 'The Salt in His Kiss: Poems by Alfa', 'Lorem ipsum dolor sit amet, consectetur adipisicing elit. Cupiditate, et illum in incidunt ipsam labore magni natus nisi nobis, odit porro, recusandae repellendus sit soluta suscipit! Corporis ea esse laborum.', 4, '//bizweb.dktcdn.net/thumb/large/100/282/917/products/41wzucdhgkl-sx311-bo1-204-203-200.jpg?v=1605874196307', 47, '2019-06-04', 9),
        (213, 3, 'Practical Wisdom: The Right Way to Do the Right Thing by', 'Lorem ipsum dolor sit amet, consectetur adipisicing elit. Ex explicabo mollitia, nesciunt saepe sed temporibus.', 2, '//bizweb.dktcdn.net/thumb/large/100/282/917/products/41gryret0xl-sx328-bo1-204-203-200.jpg?v=1605874268000', 35, '2020-05-31', 1),
        (214, 4, 'EDUCATION OF A VALUE INVESTOR by  Guy Spier', 'Lorem ipsum dolor sit amet, consectetur adipisicing elit. Cupiditate, et illum in incidunt ipsam labore magni natus nisi nobis, odit porro, recusandae repellendus sit soluta suscipit! Corporis ea esse laborum.', 2, '//bizweb.dktcdn.net/thumb/large/100/282/917/products/51-plus-jzaylvel.jpg?v=1605875411000', 39, '2019-01-23', 10),
        (215, 5, 'Abandoned Breaths: Poems (Revised and Expanded) by', 'Lorem ipsum dolor sit amet, consectetur adipisicing elit. At commodi culpa dolore dolorum et harum labore nam obcaecati quia quis?', 2, '//bizweb.dktcdn.net/thumb/large/100/282/917/products/519wcc9j0rl-sx326-bo1-204-203-200.jpg?v=1606022741000', 30, '2019-03-21', 20),
        (216, 4, 'Coffee: A Dark History by Antony Wild', 'Lorem ipsum dolor sit amet, consectetur adipisicing elit. At commodi culpa dolore dolorum et harum labore nam obcaecati quia quis?', 3, '//bizweb.dktcdn.net/thumb/large/100/282/917/products/51fkvxinckl-sx331-bo1-204-203-200.jpg?v=1606023296000', 33, '2009-12-13', 14),
        (217, 2, 'Frank Herbert''s Dune Saga 3-Book Boxed Set: Dune, Dune Messiah, and Children of Dune by Frank Herbert', 'Lorem ipsum dolor sit amet, consectetur adipisicing elit. Ex explicabo mollitia, nesciunt saepe sed temporibus.', 2, '//bizweb.dktcdn.net/thumb/large/100/282/917/products/41qu8luevvl-sx366-bo1-204-203-200.jpg?v=1606023382000', 53, '2014-02-20', 3),
        (218, 1, 'It''s a Boy - It''s a Girl', 'Lorem ipsum dolor sit amet, consectetur adipisicing elit. Asperiores, porro.', 4, '//bizweb.dktcdn.net/thumb/large/100/282/917/products/9783836524193.jpg?v=1607402261000', 52, '2000-10-20', 1),
        (219, 5, 'Start Late, Finish Rich', 'Lorem ipsum dolor sit amet, consectetur adipisicing elit. Ex explicabo mollitia, nesciunt saepe sed temporibus.', 4, '//bizweb.dktcdn.net/thumb/large/100/282/917/products/9780385661324.jpg?v=1607402325000', 34, '2016-12-30', 19),
        (220, 1, 'The Tiger Claw by Shauna Singh Baldwin', 'Lorem ipsum dolor sit amet, consectetur adipisicing elit. Est magni unde vel.', 4, '//bizweb.dktcdn.net/thumb/large/100/282/917/products/51qzx2ie-dl-sx322-bo1-204-203-200.jpg?v=1626259315000', 60, '2005-04-02', 7),
        (221, 4, 'Chambers Crossword Dictionary', 'Lorem ipsum dolor sit amet, consectetur adipisicing elit. Ex explicabo mollitia, nesciunt saepe sed temporibus.', 4, '//bizweb.dktcdn.net/thumb/large/assets/themes_support/noimage.gif', 41, '2005-06-23', 7),
        (222, 3, '1943 Les Miserables by Victor Hugo Translated by Charles E. Wilbour', 'Lorem ipsum dolor sit amet, consectetur adipisicing elit. Asperiores, porro.', 5, '//bizweb.dktcdn.net/thumb/large/100/282/917/products/517jcq3kptl-sx346-bo1-204-203-200.jpg?v=1603513722000', 31, '2002-10-08', 20),
        (223, 1, 'Lonely Planet France (Travel Guide)', 'Lorem ipsum dolor sit amet, consectetur adipisicing elit. Ex explicabo mollitia, nesciunt saepe sed temporibus.', 2, '//bizweb.dktcdn.net/thumb/large/100/282/917/products/51i73hbnpvl-sx323-bo1-204-203-200.jpg?v=1603522646000', 43, '2008-12-12', 10),
        (224, 1, 'Lonely Planet Europe (Travel Guide)', 'Lorem ipsum dolor sit amet, consectetur adipisicing elit. Ex explicabo mollitia, nesciunt saepe sed temporibus.', 2, '//bizweb.dktcdn.net/thumb/large/100/282/917/products/51triye7pgl-sx322-bo1-204-203-200.jpg?v=1603522724000', 53, '2008-04-03', 12),
        (225, 2, 'Christmas Books Of Charles Dickens - Black Reader', 'Lorem ipsum dolor sit amet, consectetur adipisicing elit. Asperiores, porro.', 2, '//bizweb.dktcdn.net/thumb/large/assets/themes_support/noimage.gif', 35, '2003-11-05', 1),
        (226, 5, 'The Truth About Magic by', 'Lorem ipsum dolor sit amet, consectetur adipisicing elit. Est magni unde vel.', 3, '//bizweb.dktcdn.net/thumb/large/100/282/917/products/9781250232816.jpg?v=1600169199000', 39, '2011-01-20', 5),
        (227, 2, 'Note to Self: Inspiring Words From Inspiring People by Gayle King', 'Lorem ipsum dolor sit amet, consectetur adipisicing elit. At commodi culpa dolore dolorum et harum labore nam obcaecati quia quis?', 3, '//bizweb.dktcdn.net/thumb/large/100/282/917/products/9781982102081.jpg?v=1600172145907', 47, '2005-09-11', 9),
        (228, 1, 'The Red-Haired Woman by Orhan Pamuk', 'Lorem ipsum dolor sit amet, consectetur adipisicing elit. Ex explicabo mollitia, nesciunt saepe sed temporibus.', 4, '//bizweb.dktcdn.net/thumb/large/100/282/917/products/74cef5dc-a1db-4e12-8e39-c6d164a20363-1-d5ab1467fa72ece027d51a4186ca4ff2-jpeg.jpg?v=1600172447000', 34, '2019-08-23', 16),
        (229, 5, 'Cathedral by', 'Lorem ipsum dolor sit amet, consectetur adipisicing elit. At commodi culpa dolore dolorum et harum labore nam obcaecati quia quis?', 3, '//bizweb.dktcdn.net/thumb/large/100/282/917/products/9780679723691.jpg?v=1600306940000', 58, '2017-01-28', 14),
        (230, 4, 'Dollars and Sense: How We Misthink Money and How to Spend Smarter by', 'Lorem ipsum dolor sit amet, consectetur adipisicing elit. Asperiores, porro.', 2, '//bizweb.dktcdn.net/thumb/large/100/282/917/products/9780062651211.jpg?v=1600307220000', 33, '2006-10-24', 20),
        (231, 4, 'On China by Henry Kissinger', 'Lorem ipsum dolor sit amet, consectetur adipisicing elit. Asperiores, porro.', 4, '//bizweb.dktcdn.net/thumb/large/100/282/917/products/9781594202711.jpg?v=1600313006000', 48, '2016-11-01', 5),
        (232, 3, 'Too Much and Never Enough: How My Family Created the World’s Most Dangerous Man by Mary L. Trump Ph.D.', 'Lorem ipsum dolor sit amet, consectetur adipisicing elit. Est magni unde vel.', 3, '//bizweb.dktcdn.net/thumb/large/100/282/917/products/9781982141462.jpg?v=1599047432227', 35, '2018-12-21', 0),
        (233, 5, 'March by Geraldine Brooks', 'Lorem ipsum dolor sit amet, consectetur adipisicing elit. Est magni unde vel.', 3, '//bizweb.dktcdn.net/thumb/large/100/282/917/products/9780143036661.jpg?v=1626264741000', 41, '2015-02-07', 17),
        (234, 1, 'Collins Collectors’ Choice: Vladimir Nabokov: Five Novels', 'Lorem ipsum dolor sit amet, consectetur adipisicing elit. At commodi culpa dolore dolorum et harum labore nam obcaecati quia quis?', 3, '//bizweb.dktcdn.net/thumb/large/100/282/917/products/z2873057529714-bb3936afde89d71165b386ffd8e1b738.jpg?v=1635760341000', 49, '2011-05-30', 19),
        (235, 3, 'War and Peace (Great Books of the Western World, Britannica Series, Vol. 51)', 'Lorem ipsum dolor sit amet, consectetur adipisicing elit. Cupiditate, et illum in incidunt ipsam labore magni natus nisi nobis, odit porro, recusandae repellendus sit soluta suscipit! Corporis ea esse laborum.', 2, '//bizweb.dktcdn.net/thumb/large/100/282/917/products/9780241265543.jpg?v=1626279404000', 59, '2009-02-13', 5),
        (236, 5, 'Van Gogh Collection Genies Et Realities Hatchette', 'Lorem ipsum dolor sit amet, consectetur adipisicing elit. Asperiores, porro.', 4, '//bizweb.dktcdn.net/thumb/large/assets/themes_support/noimage.gif', 40, '2016-04-13', 8),
        (237, 3, 'Rimbaud Collection Genies Et Realities Hatchette', 'Lorem ipsum dolor sit amet, consectetur adipisicing elit. Asperiores, porro.', 3, '//bizweb.dktcdn.net/thumb/large/assets/themes_support/noimage.gif', 45, '2001-09-03', 18),
        (238, 1, 'Daniel Berkeley Updike / PRINTING TYPES THEIR HISTORY FORMS AND USE STUDY (Vol 1)', 'Lorem ipsum dolor sit amet, consectetur adipisicing elit. Asperiores, porro.', 5, '//bizweb.dktcdn.net/thumb/large/assets/themes_support/noimage.gif', 37, '2004-05-17', 6),
        (239, 3, '(SIGNED) Modern Hospitality: Simple Recipes with Southern Charm', 'Lorem ipsum dolor sit amet, consectetur adipisicing elit. Ex explicabo mollitia, nesciunt saepe sed temporibus.', 4, '//bizweb.dktcdn.net/thumb/large/100/282/917/products/9781609613525-3fddbc43-7381-48c0-a922-9ed5c89425e0.jpg?v=1634376946000', 44, '2017-11-13', 5),
        (240, 2, 'Her Fearful Symmetry (SIGNED)', 'Lorem ipsum dolor sit amet, consectetur adipisicing elit. Cupiditate, et illum in incidunt ipsam labore magni natus nisi nobis, odit porro, recusandae repellendus sit soluta suscipit! Corporis ea esse laborum.', 4, '//bizweb.dktcdn.net/thumb/large/100/282/917/products/9780224085618.jpg?v=1626279786000', 56, '2000-10-05', 13),
        (241, 3, 'Of Human Bondage', 'Lorem ipsum dolor sit amet, consectetur adipisicing elit. Est magni unde vel.', 2, '//bizweb.dktcdn.net/thumb/large/100/282/917/products/z2876278557535-932ac456ea8cf3280773a6c8fc0f7646.jpg?v=1635762768000', 46, '2020-02-25', 1),
        (242, 2, 'Eleanor & Park (SIGNED)', 'Lorem ipsum dolor sit amet, consectetur adipisicing elit. Ex explicabo mollitia, nesciunt saepe sed temporibus.', 2, '//bizweb.dktcdn.net/thumb/large/100/282/917/products/9781409157250.jpg?v=1626280646000', 54, '2009-03-15', 18),
        (243, 3, 'If I Stay (SIGNED)', 'Lorem ipsum dolor sit amet, consectetur adipisicing elit. Est magni unde vel.', 3, '//bizweb.dktcdn.net/thumb/large/100/282/917/products/9780142415436-26e5bb1b-9d94-48e5-b6b6-1c710203ea1b.jpg?v=1626280771000', 50, '2020-03-02', 20),
        (244, 1, 'We were liars (SIGNED)', 'Lorem ipsum dolor sit amet, consectetur adipisicing elit. Asperiores, porro.', 5, '//bizweb.dktcdn.net/thumb/large/100/282/917/products/9780385741262.jpg?v=1626280858000', 46, '2004-11-29', 20),
        (245, 2, 'Treasures of Yesterday (the Story of Archaeology)', 'Lorem ipsum dolor sit amet, consectetur adipisicing elit. Cupiditate, et illum in incidunt ipsam labore magni natus nisi nobis, odit porro, recusandae repellendus sit soluta suscipit! Corporis ea esse laborum.', 5, '//bizweb.dktcdn.net/thumb/large/100/282/917/products/61fta12vqrl-sx369-bo1-204-203-200.jpg?v=1626280951000', 37, '2021-05-11', 17),
        (246, 1, 'Nouveau Petit Larousse en couleurs', 'Lorem ipsum dolor sit amet, consectetur adipisicing elit. Est magni unde vel.', 4, '//bizweb.dktcdn.net/thumb/large/assets/themes_support/noimage.gif', 48, '2016-11-26', 10),
        (247, 3, 'PRESIDENT HO CHI MINH TESTAMENT', 'Lorem ipsum dolor sit amet, consectetur adipisicing elit. Est magni unde vel.', 4, '//bizweb.dktcdn.net/thumb/large/assets/themes_support/noimage.gif', 57, '2005-01-28', 0),
        (248, 2, 'SOUTHER VIETNAMESE MODERNIST ARCHITECTURE', 'Lorem ipsum dolor sit amet, consectetur adipisicing elit. Asperiores, porro.', 2, '//bizweb.dktcdn.net/thumb/large/100/282/917/products/image-195509-1-43130.jpg?v=1626363493000', 30, '2010-07-31', 19),
        (249, 3, 'A BRIEF CHRONOLOGY OF VIETNAMESE HISTORY', 'Lorem ipsum dolor sit amet, consectetur adipisicing elit. Ex explicabo mollitia, nesciunt saepe sed temporibus.', 2, '//bizweb.dktcdn.net/thumb/large/100/282/917/products/517jdqfsefl-sx334-bo1-204-203-200.jpg?v=1626363731000', 34, '2021-05-15', 10),
        (250, 5, 'SECRETS OF HOI AN', 'Lorem ipsum dolor sit amet, consectetur adipisicing elit. Est magni unde vel.', 4, '//bizweb.dktcdn.net/thumb/large/100/282/917/products/51xyzhkgfrl-sx331-bo1-204-203-200.jpg?v=1626364154000', 33, '2004-03-07', 1),
        (251, 2, 'VIETNAMESE TRADITIONAL MEDICINE', 'Lorem ipsum dolor sit amet, consectetur adipisicing elit. Ex explicabo mollitia, nesciunt saepe sed temporibus.', 5, '//bizweb.dktcdn.net/thumb/large/100/282/917/products/vietnamesetraditionalmedicinet.jpg?v=1626364522000', 36, '2008-03-08', 3),
        (252, 2, 'THE NGUYEN DYNASTY', 'Lorem ipsum dolor sit amet, consectetur adipisicing elit. At commodi culpa dolore dolorum et harum labore nam obcaecati quia quis?', 4, '//bizweb.dktcdn.net/thumb/large/100/282/917/products/81tvc9kaifl.jpg?v=1626364689000', 60, '2017-03-08', 18),
        (253, 4, 'UNIQUELY VIETNAMESE', 'Lorem ipsum dolor sit amet, consectetur adipisicing elit. Cupiditate, et illum in incidunt ipsam labore magni natus nisi nobis, odit porro, recusandae repellendus sit soluta suscipit! Corporis ea esse laborum.', 5, '//bizweb.dktcdn.net/thumb/large/100/282/917/products/7f2f526d2938e25f88782ba164ffc7d0.jpg?v=1626364919000', 32, '2013-01-21', 10),
        (254, 5, 'VIET NAM A LONG HISTORY', 'Lorem ipsum dolor sit amet, consectetur adipisicing elit. At commodi culpa dolore dolorum et harum labore nam obcaecati quia quis?', 5, '//bizweb.dktcdn.net/thumb/large/100/282/917/products/vietnam-a-long-history-by-nguyen-khac-vien-bookworm-hanoi.jpg?v=1626364985000', 55, '2008-10-20', 2),
        (255, 5, 'THE 36 OLD STREETS QUARTER OF HANOI', 'Lorem ipsum dolor sit amet, consectetur adipisicing elit. At commodi culpa dolore dolorum et harum labore nam obcaecati quia quis?', 4, '//bizweb.dktcdn.net/thumb/large/100/282/917/products/the-36-old-streets-quarter-of-hanoi-by-hoang-huu-phe-bookworm-hanoi.jpg?v=1626365106000', 39, '2017-10-17', 11),
        (256, 2, 'Ulysses by James Joyce', 'Lorem ipsum dolor sit amet, consectetur adipisicing elit. Est magni unde vel.', 3, '//bizweb.dktcdn.net/thumb/large/assets/themes_support/noimage.gif', 49, '2020-07-17', 7),
        (257, 5, 'Blind Willow, Sleeping Woman: Twenty-four Stories by Haruki Murakami', 'Lorem ipsum dolor sit amet, consectetur adipisicing elit. Asperiores, porro.', 4, '//bizweb.dktcdn.net/thumb/large/100/282/917/products/9781400044610.jpg?v=1626401734000', 55, '2021-07-15', 3),
        (258, 5, 'The Andrew Lang fairy tale treasury', 'Lorem ipsum dolor sit amet, consectetur adipisicing elit. Ex explicabo mollitia, nesciunt saepe sed temporibus.', 2, '//bizweb.dktcdn.net/thumb/large/100/282/917/products/51t0f6cpd3l-sx352-bo1-204-203-200.jpg?v=1626402821000', 36, '2014-01-22', 3),
        (259, 1, '12 : The Elements of Great Managing by Rodd Wagner, James K. Harter', 'Lorem ipsum dolor sit amet, consectetur adipisicing elit. Est magni unde vel.', 4, '//bizweb.dktcdn.net/thumb/large/100/282/917/products/9781595629982.jpg?v=1593735450000', 31, '2008-09-08', 15),
        (260, 2, 'Practical Magic by Alice Hoffman', 'Lorem ipsum dolor sit amet, consectetur adipisicing elit. Est magni unde vel.', 2, '//bizweb.dktcdn.net/thumb/large/100/282/917/products/9780425190371.jpg?v=1593736065000', 42, '2021-11-27', 17),
        (261, 5, 'Game of Thrones Tarot Card Set by', 'Lorem ipsum dolor sit amet, consectetur adipisicing elit. Est magni unde vel.', 4, '//bizweb.dktcdn.net/thumb/large/100/282/917/products/9781452164342.jpg?v=1593739199937', 41, '2020-02-13', 7),
        (262, 5, 'Producing Results by Gary Neilson, Bruce Pasternack', 'Lorem ipsum dolor sit amet, consectetur adipisicing elit. Ex explicabo mollitia, nesciunt saepe sed temporibus.', 2, '//bizweb.dktcdn.net/thumb/large/100/282/917/products/9781400098392.jpg?v=1593739313027', 36, '2009-02-20', 18),
        (263, 1, 'Leadership Presence : Dramatic Techniques to Reach out Motivate and Inspire by Kathy Lubar, Belle Linda Halpern', 'Lorem ipsum dolor sit amet, consectetur adipisicing elit. Asperiores, porro.', 5, '//bizweb.dktcdn.net/thumb/large/100/282/917/products/9781592400867.jpg?v=1593740628040', 36, '2004-07-31', 16),
        (264, 5, '101 Tips for Graduates : A Code of Conduct for Success and Happiness in Your Professional Life by Susan Morem', 'Lorem ipsum dolor sit amet, consectetur adipisicing elit. Asperiores, porro.', 2, '//bizweb.dktcdn.net/thumb/large/100/282/917/products/9780816082261.jpg?v=1593741695693', 50, '2000-04-29', 15),
        (265, 4, 'Henna Body Art by Mark Smith', 'Lorem ipsum dolor sit amet, consectetur adipisicing elit. Est magni unde vel.', 5, '//bizweb.dktcdn.net/thumb/large/100/282/917/products/s-l400-7dde7aee-dc7c-4546-8253-e63b15166204.jpg?v=1593742011470', 32, '2017-08-29', 1),
        (266, 1, 'The Present Age: On the Death of Rebellion (Resistance Library) by Soren Kierkegaard', 'Lorem ipsum dolor sit amet, consectetur adipisicing elit. Ex explicabo mollitia, nesciunt saepe sed temporibus.', 3, '//bizweb.dktcdn.net/thumb/large/100/282/917/products/9780062930859.jpg?v=1593742288000', 38, '2012-09-23', 15),
        (267, 3, '30 Low-Fat Vegetarian Meals in 30 Minutes', 'Lorem ipsum dolor sit amet, consectetur adipisicing elit. Cupiditate, et illum in incidunt ipsam labore magni natus nisi nobis, odit porro, recusandae repellendus sit soluta suscipit! Corporis ea esse laborum.', 5, '//bizweb.dktcdn.net/thumb/large/100/282/917/products/9780446672115.jpg?v=1593742894727', 51, '2005-01-14', 2),
        (268, 2, '30-Second Religion : The 50 most thought-provoking religious beliefs, each explained in half a minute', 'Lorem ipsum dolor sit amet, consectetur adipisicing elit. Cupiditate, et illum in incidunt ipsam labore magni natus nisi nobis, odit porro, recusandae repellendus sit soluta suscipit! Corporis ea esse laborum.', 2, '//bizweb.dktcdn.net/thumb/large/100/282/917/products/9781782405917.jpg?v=1593743645837', 38, '2012-01-08', 8),
        (269, 3, 'Hannibal by Thomas Harris', 'Lorem ipsum dolor sit amet, consectetur adipisicing elit. Ex explicabo mollitia, nesciunt saepe sed temporibus.', 4, '//bizweb.dktcdn.net/thumb/large/100/282/917/products/9780385299299.jpg?v=1593744158000', 45, '2005-12-01', 20),
        (270, 2, 'Business Model Generation : A Handbook for Visionaries, Game Changers, and Challengers by Alexander Osterwalder / Yves Pigneur', 'Lorem ipsum dolor sit amet, consectetur adipisicing elit. At commodi culpa dolore dolorum et harum labore nam obcaecati quia quis?', 5, '//bizweb.dktcdn.net/thumb/large/100/282/917/products/9780470876411.jpg?v=1592565189287', 33, '2019-07-20', 8),
        (271, 5, 'Memories of John Lennon by Yoko Ono', 'Lorem ipsum dolor sit amet, consectetur adipisicing elit. Asperiores, porro.', 5, '//bizweb.dktcdn.net/thumb/large/100/282/917/products/9780060594565.jpg?v=1592565415497', 30, '2021-03-16', 12),
        (272, 4, 'Find Me: A Novel by André Aciman', 'Lorem ipsum dolor sit amet, consectetur adipisicing elit. At commodi culpa dolore dolorum et harum labore nam obcaecati quia quis?', 4, '//bizweb.dktcdn.net/thumb/large/100/282/917/products/9780374155018.jpg?v=1592565775000', 56, '2007-08-18', 3),
        (273, 4, 'Talking to Strangers: What We Should Know about the People We Don''t Know by Malcolm Gladwell', 'Lorem ipsum dolor sit amet, consectetur adipisicing elit. At commodi culpa dolore dolorum et harum labore nam obcaecati quia quis?', 4, '//bizweb.dktcdn.net/thumb/large/100/282/917/products/51sv9mrscrl-ac-ul600-sr402-600.jpg?v=1592574579000', 45, '2013-05-16', 8),
        (274, 4, 'The Wolves at the Door: The True Story of America''s Greatest Female Spy by Judith Pearson', 'Lorem ipsum dolor sit amet, consectetur adipisicing elit. At commodi culpa dolore dolorum et harum labore nam obcaecati quia quis?', 3, '//bizweb.dktcdn.net/thumb/large/100/282/917/products/9781599210728.jpg?v=1592575097933', 41, '2016-09-16', 13),
        (275, 2, 'The Great Alone: A Novel by Kristin Hannah', 'Lorem ipsum dolor sit amet, consectetur adipisicing elit. At commodi culpa dolore dolorum et harum labore nam obcaecati quia quis?', 5, '//bizweb.dktcdn.net/thumb/large/100/282/917/products/419dzwloj6l.jpg?v=1592575851000', 57, '2008-07-09', 0),
        (276, 1, 'The Flight Portfolio (BOTM) by Julie Orringer', 'Lorem ipsum dolor sit amet, consectetur adipisicing elit. Est magni unde vel.', 4, '//bizweb.dktcdn.net/thumb/large/100/282/917/products/81qqjjji-plus-l.jpg?v=1592576242000', 45, '2008-03-23', 5),
        (277, 2, 'Jack Ma - Alibaba and the 40 Thieves of Success by Think Maverick', 'Lorem ipsum dolor sit amet, consectetur adipisicing elit. Asperiores, porro.', 3, '//bizweb.dktcdn.net/thumb/large/100/282/917/products/36316592-sy475.jpg?v=1592577109000', 53, '2016-07-06', 16),
        (278, 5, 'The Woman in the Window (BOTM) by A.J. Finn', 'Lorem ipsum dolor sit amet, consectetur adipisicing elit. Cupiditate, et illum in incidunt ipsam labore magni natus nisi nobis, odit porro, recusandae repellendus sit soluta suscipit! Corporis ea esse laborum.', 3, '//bizweb.dktcdn.net/thumb/large/100/282/917/products/9780062678416.jpg?v=1592578556000', 44, '2004-10-28', 17),
        (279, 2, 'Girl, Stop Apologizing: A Shame-Free Plan for Embracing and Achieving Your Goals (B&N Exclusive Edition) by Rachel Hollis', 'Lorem ipsum dolor sit amet, consectetur adipisicing elit. Asperiores, porro.', 2, '//bizweb.dktcdn.net/thumb/large/100/282/917/products/9781404110380-p0-v1-s550x406.jpg?v=1592578835110', 51, '2009-02-08', 7),
        (280, 3, 'The Nazi Officer''s Wife: How One Jewish Woman Survived the Holocaust by Edith Hahn Beer', 'Lorem ipsum dolor sit amet, consectetur adipisicing elit. Ex explicabo mollitia, nesciunt saepe sed temporibus.', 3, '//bizweb.dktcdn.net/thumb/large/100/282/917/products/4adfc6fd-ae38-49be-a8ab-db3d44b724a7-1-adf03a2c16a5db37382f93607bb80bde-jpeg.jpg?v=1592580339973', 53, '2005-12-20', 10),
        (281, 4, 'The Lean Startup: How Today''s Entrepreneurs Use Continuous Innovation to Create Radically Successful Businesses by Eric Ries', 'Lorem ipsum dolor sit amet, consectetur adipisicing elit. Cupiditate, et illum in incidunt ipsam labore magni natus nisi nobis, odit porro, recusandae repellendus sit soluta suscipit! Corporis ea esse laborum.', 2, '//bizweb.dktcdn.net/thumb/large/100/282/917/products/9780307887894.jpg?v=1592581347677', 46, '2012-07-27', 6),
        (282, 2, 'On Tyranny: Twenty Lessons from the Twentieth Century by Timothy Snyder', 'Lorem ipsum dolor sit amet, consectetur adipisicing elit. Asperiores, porro.', 2, '//bizweb.dktcdn.net/thumb/large/100/282/917/products/41kccjh70dl-sx353-bo1-204-203-200.jpg?v=1592582180000', 37, '2007-03-29', 19),
        (283, 1, 'Journey to the East by Baird T. Spalding, Bien Giang, Poven Leace', 'Lorem ipsum dolor sit amet, consectetur adipisicing elit. At commodi culpa dolore dolorum et harum labore nam obcaecati quia quis?', 4, '//bizweb.dktcdn.net/thumb/large/100/282/917/products/9781439252772-53279c01-2096-4666-9927-738565cb7611.jpg?v=1592584117000', 50, '2017-05-31', 13),
        (284, 3, 'Between the World and Me by Ta-Nehisi Coates', 'Lorem ipsum dolor sit amet, consectetur adipisicing elit. Asperiores, porro.', 4, '//bizweb.dktcdn.net/thumb/large/100/282/917/products/9780812993547.jpg?v=1592590211000', 41, '2013-10-29', 15),
        (285, 3, 'Hogwarts Library by J K Rowling', 'Lorem ipsum dolor sit amet, consectetur adipisicing elit. Est magni unde vel.', 4, '//bizweb.dktcdn.net/thumb/large/100/282/917/products/9780545615402.jpg?v=1592590942000', 55, '2003-03-27', 20),
        (286, 4, 'The Four Agreements: A Practical Guide to Personal Freedom (A Toltec Wisdom Book) by Don Miguel Ruiz', 'Lorem ipsum dolor sit amet, consectetur adipisicing elit. Ex explicabo mollitia, nesciunt saepe sed temporibus.', 2, '//bizweb.dktcdn.net/thumb/large/100/282/917/products/9781878424310.jpg?v=1592591129000', 33, '2006-01-31', 19),
        (287, 3, 'Buddhism: Beginner’s Guide to Understanding & Practicing Buddhism to Become Stress and Anxiety Free by Michael Williams', 'Lorem ipsum dolor sit amet, consectetur adipisicing elit. Asperiores, porro.', 3, '//bizweb.dktcdn.net/thumb/large/100/282/917/products/9781537410005.jpg?v=1592591229223', 58, '2015-02-25', 6),
        (288, 4, 'Dispatches from the Edge: A Memoir of War, Disasters, and Survival by Anderson Cooper', 'Lorem ipsum dolor sit amet, consectetur adipisicing elit. Est magni unde vel.', 3, '//bizweb.dktcdn.net/thumb/large/100/282/917/products/9780061132384.jpg?v=1592591983290', 40, '2007-08-25', 15),
        (289, 5, 'Redefining Realness: My Path to Womanhood, Identity, Love & So Much More by Janet Mock', 'Lorem ipsum dolor sit amet, consectetur adipisicing elit. Est magni unde vel.', 4, '//bizweb.dktcdn.net/thumb/large/100/282/917/products/9781476709123.jpg?v=1592595000890', 58, '2021-01-06', 4),
        (290, 4, 'The Glass Books of the Dream Eaters by Gordon Dahlquist', 'Lorem ipsum dolor sit amet, consectetur adipisicing elit. Est magni unde vel.', 2, '//bizweb.dktcdn.net/thumb/large/100/282/917/products/9780385340359.jpg?v=1592595141000', 54, '2017-10-10', 4),
        (291, 5, 'Strange Piece of Paradise by Terri Jentz', 'Lorem ipsum dolor sit amet, consectetur adipisicing elit. Cupiditate, et illum in incidunt ipsam labore magni natus nisi nobis, odit porro, recusandae repellendus sit soluta suscipit! Corporis ea esse laborum.', 4, '//bizweb.dktcdn.net/thumb/large/100/282/917/products/9780374134983.jpg?v=1592600788513', 46, '2009-02-14', 6),
        (292, 5, 'The Casual Vacancy by J K Rowling', 'Lorem ipsum dolor sit amet, consectetur adipisicing elit. Cupiditate, et illum in incidunt ipsam labore magni natus nisi nobis, odit porro, recusandae repellendus sit soluta suscipit! Corporis ea esse laborum.', 4, '//bizweb.dktcdn.net/thumb/large/100/282/917/products/9780316228534.jpg?v=1592611757000', 45, '2014-02-21', 12),
        (293, 5, 'The Lost Symbol: Featuring Robert Langdon by Dan Brown', 'Lorem ipsum dolor sit amet, consectetur adipisicing elit. Asperiores, porro.', 3, '//bizweb.dktcdn.net/thumb/large/100/282/917/products/9780385504225.jpg?v=1592612088000', 60, '2012-11-02', 4),
        (294, 1, 'Harry Potter feather quill pen', 'Lorem ipsum dolor sit amet, consectetur adipisicing elit. Ex explicabo mollitia, nesciunt saepe sed temporibus.', 5, '//bizweb.dktcdn.net/thumb/large/100/282/917/products/l-830-mann450w.jpg?v=1626406725000', 60, '2009-01-03', 16),
        (295, 1, 'What It Takes: Lessons in the Pursuit of Excellence by Stephen A. Schwarzman', 'Lorem ipsum dolor sit amet, consectetur adipisicing elit. Cupiditate, et illum in incidunt ipsam labore magni natus nisi nobis, odit porro, recusandae repellendus sit soluta suscipit! Corporis ea esse laborum.', 3, '//bizweb.dktcdn.net/thumb/large/100/282/917/products/9781501158148.jpg?v=1592614002903', 48, '2009-12-06', 18),
        (296, 5, 'StrengthsFinder 2.0 by Tom Rath', 'Lorem ipsum dolor sit amet, consectetur adipisicing elit. Est magni unde vel.', 5, '//bizweb.dktcdn.net/thumb/large/100/282/917/products/9781595620156.jpg?v=1592616057000', 57, '2015-09-21', 18),
        (297, 5, 'City Of Girls', 'Lorem ipsum dolor sit amet, consectetur adipisicing elit. Cupiditate, et illum in incidunt ipsam labore magni natus nisi nobis, odit porro, recusandae repellendus sit soluta suscipit! Corporis ea esse laborum.', 3, '//bizweb.dktcdn.net/thumb/large/100/282/917/products/9781594634734.jpg?v=1626415604000', 57, '2011-07-24', 3),
        (298, 4, 'THE BLACK SWAN: THE IMPACT OF THE HIGHLY IMPROBABLE', 'Lorem ipsum dolor sit amet, consectetur adipisicing elit. At commodi culpa dolore dolorum et harum labore nam obcaecati quia quis?', 4, '//bizweb.dktcdn.net/thumb/large/100/282/917/products/811-plus-v4p6wel.jpg?v=1626415766000', 30, '2013-10-14', 4),
        (299, 5, 'Hoi An Panorama', 'Lorem ipsum dolor sit amet, consectetur adipisicing elit. Est magni unde vel.', 4, '//bizweb.dktcdn.net/thumb/large/100/282/917/products/41w3xywvijl-sy373-bo1-204-203-200-bd7f2620-1111-4fed-88a8-c4bc23a11f9b.jpg?v=1626425749000', 51, '2000-05-09', 16),
        (300, 3, '101 MOJITOS AND OTHER MUDDLED DRINKS', 'Lorem ipsum dolor sit amet, consectetur adipisicing elit. At commodi culpa dolore dolorum et harum labore nam obcaecati quia quis?', 4, '//bizweb.dktcdn.net/thumb/large/100/282/917/products/9780470505212-l.jpg?v=1586629167000', 60, '2013-12-13', 2),
        (301, 4, 'EXTREME BREWING', 'Lorem ipsum dolor sit amet, consectetur adipisicing elit. Ex explicabo mollitia, nesciunt saepe sed temporibus.', 4, '//bizweb.dktcdn.net/thumb/large/100/282/917/products/9781592538027-l.jpg?v=1586628921000', 36, '2008-04-30', 15),
        (302, 1, 'Fire and Blood: 300 Years Before A Game of Thrones (A Targaryen History) (A Song of Ice and Fire) by George R.R. Martin', 'Lorem ipsum dolor sit amet, consectetur adipisicing elit. Ex explicabo mollitia, nesciunt saepe sed temporibus.', 2, '//bizweb.dktcdn.net/thumb/large/100/282/917/products/51icdglbcsl-sx323-bo1-204-203-200.jpg?v=1579244120000', 46, '2004-11-10', 14),
        (303, 3, 'The 5 AM Club by Robin Sharma', 'Lorem ipsum dolor sit amet, consectetur adipisicing elit. Cupiditate, et illum in incidunt ipsam labore magni natus nisi nobis, odit porro, recusandae repellendus sit soluta suscipit! Corporis ea esse laborum.', 4, '//bizweb.dktcdn.net/thumb/large/100/282/917/products/41zeuzz-plus-0xl-sx331-bo1-204-203-200.jpg?v=1579248202000', 49, '2019-01-05', 1),
        (304, 5, 'The Miracle Equation by Hal Elrod', 'Lorem ipsum dolor sit amet, consectetur adipisicing elit. At commodi culpa dolore dolorum et harum labore nam obcaecati quia quis?', 5, '//bizweb.dktcdn.net/thumb/large/100/282/917/products/9781473695931.jpg?v=1579248426667', 35, '2020-10-13', 5),
        (305, 5, '21 Lessons for the 21st Century by Yuval Noah Harari', 'Lorem ipsum dolor sit amet, consectetur adipisicing elit. Asperiores, porro.', 2, '//bizweb.dktcdn.net/thumb/large/100/282/917/products/k.jpg?v=1585462336187', 34, '2008-10-22', 15),
        (306, 3, 'The rainmaker by John Grisham', 'Lorem ipsum dolor sit amet, consectetur adipisicing elit. At commodi culpa dolore dolorum et harum labore nam obcaecati quia quis?', 4, '//bizweb.dktcdn.net/thumb/large/100/282/917/products/9780712654593.jpg?v=1570095104000', 52, '2019-12-02', 10),
        (307, 1, 'Illustrated Treasury of Disney Songs', 'Lorem ipsum dolor sit amet, consectetur adipisicing elit. Asperiores, porro.', 3, '//bizweb.dktcdn.net/thumb/large/100/282/917/products/9781562827434.jpg?v=1569814348667', 40, '2016-02-08', 0),
        (308, 3, 'Peter Pan (100th Anniversary Edition) by Sir J. M. Barrie', 'Lorem ipsum dolor sit amet, consectetur adipisicing elit. Asperiores, porro.', 5, '//bizweb.dktcdn.net/thumb/large/100/282/917/products/9780805072457.jpg?v=1569810641390', 56, '2013-09-21', 19),
        (309, 3, 'If Tomorrow Comes by Sidney Sheldon (First Edition)', 'Lorem ipsum dolor sit amet, consectetur adipisicing elit. Asperiores, porro.', 2, '//bizweb.dktcdn.net/thumb/large/100/282/917/products/123.jpg?v=1585472872000', 56, '2016-04-16', 7),
        (310, 5, 'Reader''s Digest Condensed Books vol 6 - 1995', 'Lorem ipsum dolor sit amet, consectetur adipisicing elit. Ex explicabo mollitia, nesciunt saepe sed temporibus.', 3, '//bizweb.dktcdn.net/thumb/large/100/282/917/products/z2879183060453-74bfa55c0dc178f2b970679a93c1a2cb.jpg?v=1635763753000', 36, '2018-03-26', 15),
        (311, 3, 'Without remorse - The old house at Railes - Decider - King of the Hile (Reader''s Digest Condensed Books vol 2 - 1994)', 'Lorem ipsum dolor sit amet, consectetur adipisicing elit. Ex explicabo mollitia, nesciunt saepe sed temporibus.', 4, '//bizweb.dktcdn.net/thumb/large/100/282/917/products/51s2cmwd-ml-sx365-bo1-204-203-200.jpg?v=1585544010000', 48, '2005-12-29', 15),
        (312, 4, 'Don Quixote - All in the Family - Saturday the Rabbi went Hungry - The gift of the deer - Brothers of the seae (Reader''s Digest Condensed Books vol 4 - 1966)', 'Lorem ipsum dolor sit amet, consectetur adipisicing elit. Est magni unde vel.', 5, '//bizweb.dktcdn.net/thumb/large/100/282/917/products/33.jpg?v=1585545480000', 59, '2001-05-06', 10),
        (313, 1, 'The Golden House - Issued-Signed First Edition by Salman Rushdie', 'Lorem ipsum dolor sit amet, consectetur adipisicing elit. Asperiores, porro.', 5, '//bizweb.dktcdn.net/thumb/large/100/282/917/products/ll.jpg?v=1585550629090', 32, '2018-11-04', 1),
        (314, 3, 'Hillbilly Elegy AUTOGRAPHED by J.D. Vance (SIGNED EDITION)', 'Lorem ipsum dolor sit amet, consectetur adipisicing elit. Est magni unde vel.', 2, '//bizweb.dktcdn.net/thumb/large/100/282/917/products/tt.jpg?v=1585562347000', 58, '2012-01-03', 14),
        (315, 2, 'The Truth Is a Cave in the Black Mountains Limited Edition : A Tale of Travel and Darkness with Pictures of All Kinds by Neil Gaiman , Illustrated by  Eddie Campbell', 'Lorem ipsum dolor sit amet, consectetur adipisicing elit. Asperiores, porro.', 4, '//bizweb.dktcdn.net/thumb/large/100/282/917/products/s-l400.jpg?v=1567222549000', 55, '2016-08-24', 9),
        (316, 3, 'The Testaments by Margaret Atwood', 'Lorem ipsum dolor sit amet, consectetur adipisicing elit. Est magni unde vel.', 2, '//bizweb.dktcdn.net/thumb/large/100/282/917/products/9781784742324.jpg?v=1566536758000', 48, '2004-06-29', 3),
        (317, 2, 'Factfulness : Ten Reasons We''re Wrong About The World by Hans Rosling', 'Lorem ipsum dolor sit amet, consectetur adipisicing elit. Est magni unde vel.', 4, '//bizweb.dktcdn.net/thumb/large/100/282/917/products/9781473637467-41c2b995-2a6f-443a-8092-e5f95b5ea87b.jpg?v=1566536007000', 45, '2002-02-04', 5),
        (318, 2, 'Educated by Tara Westover', 'Lorem ipsum dolor sit amet, consectetur adipisicing elit. At commodi culpa dolore dolorum et harum labore nam obcaecati quia quis?', 5, '//bizweb.dktcdn.net/thumb/large/100/282/917/products/9780099511021.jpg?v=1566535387633', 39, '2006-10-27', 3),
        (319, 2, 'The Moment of Lift : How Empowering Women Changes the World by Melinda Gates', 'Lorem ipsum dolor sit amet, consectetur adipisicing elit. Ex explicabo mollitia, nesciunt saepe sed temporibus.', 5, '//bizweb.dktcdn.net/thumb/large/100/282/917/products/9781529005493-1c6b7fa4-17bf-4a0b-9e92-5566f3c35a29.jpg?v=1566535278000', 60, '2013-07-05', 19),
        (320, 2, 'The Colour Purple by Alice Walker', 'Lorem ipsum dolor sit amet, consectetur adipisicing elit. Cupiditate, et illum in incidunt ipsam labore magni natus nisi nobis, odit porro, recusandae repellendus sit soluta suscipit! Corporis ea esse laborum.', 3, '//bizweb.dktcdn.net/thumb/large/100/282/917/products/9781780228716.jpg?v=1570094104000', 31, '2008-12-16', 16),
        (321, 3, 'Vietnam''s Anti-U.S. Resistance War', 'Lorem ipsum dolor sit amet, consectetur adipisicing elit. At commodi culpa dolore dolorum et harum labore nam obcaecati quia quis?', 3, '//bizweb.dktcdn.net/thumb/large/100/282/917/products/150416.jpg?v=1585581644997', 44, '2012-03-17', 1),
        (322, 1, 'Vietnamese Traditional Water Puppetry', 'Lorem ipsum dolor sit amet, consectetur adipisicing elit. At commodi culpa dolore dolorum et harum labore nam obcaecati quia quis?', 2, '//bizweb.dktcdn.net/thumb/large/100/282/917/products/6.jpg?v=1585582203687', 36, '2005-11-05', 7),
        (323, 3, 'Exploring Saigon - Cho Lon (Vanishing Heritage of Ho Chi Minh City)', 'Lorem ipsum dolor sit amet, consectetur adipisicing elit. Asperiores, porro.', 3, '//bizweb.dktcdn.net/thumb/large/100/282/917/products/27afeede808ae7b0f2bf92b0eff24f1c.jpg?v=1585583125000', 55, '2019-05-07', 15),
        (324, 1, '5 lb. Book of GRE Practice Problems (2019) : 1,800+ Practice Problems in Book and Online by Manhattan Prep', 'Lorem ipsum dolor sit amet, consectetur adipisicing elit. At commodi culpa dolore dolorum et harum labore nam obcaecati quia quis?', 3, '//bizweb.dktcdn.net/thumb/large/100/282/917/products/41pbbhwx5ul-sx377-bo1-204-203-200.jpg?v=1562147386697', 52, '2016-07-24', 7),
        (325, 4, 'PS, I Love You by Cecelia Ahern', 'Lorem ipsum dolor sit amet, consectetur adipisicing elit. Est magni unde vel.', 5, '//bizweb.dktcdn.net/thumb/large/100/282/917/products/9780007165001.jpg?v=1561971684670', 56, '2003-10-29', 8),
        (326, 4, 'Love, Rosie (Where Rainbows End) by Cecelia Ahern', 'Lorem ipsum dolor sit amet, consectetur adipisicing elit. Cupiditate, et illum in incidunt ipsam labore magni natus nisi nobis, odit porro, recusandae repellendus sit soluta suscipit! Corporis ea esse laborum.', 2, '//bizweb.dktcdn.net/thumb/large/100/282/917/products/9780007538393.jpg?v=1561971587187', 49, '2005-10-09', 9),
        (327, 4, 'Me Before You by Jojo Moyes', 'Lorem ipsum dolor sit amet, consectetur adipisicing elit. Asperiores, porro.', 2, '//bizweb.dktcdn.net/thumb/large/100/282/917/products/9780143124542.jpg?v=1561971132797', 36, '2005-11-02', 0),
        (328, 4, 'Vietnam: Hidden Riches of a Magical Land by Jochen Voigt', 'Lorem ipsum dolor sit amet, consectetur adipisicing elit. Cupiditate, et illum in incidunt ipsam labore magni natus nisi nobis, odit porro, recusandae repellendus sit soluta suscipit! Corporis ea esse laborum.', 2, '//bizweb.dktcdn.net/thumb/large/100/282/917/products/vietnam-hidden-riches-of-a-magical-land-1-503x600.jpg?v=1561521493387', 58, '2019-08-29', 13),
        (329, 4, 'Postcard Artbook Wonderful Vietnam - Vol 2', 'Lorem ipsum dolor sit amet, consectetur adipisicing elit. Asperiores, porro.', 4, '//bizweb.dktcdn.net/thumb/large/100/282/917/products/9ad7b06468c4b9ba30ac7e557b96b83f.jpg?v=1561004085490', 54, '2016-10-29', 4),
        (330, 4, 'Sapiens : A Brief History of Humankind by Yuval Noah Harari', 'Lorem ipsum dolor sit amet, consectetur adipisicing elit. Est magni unde vel.', 2, '//bizweb.dktcdn.net/thumb/large/100/282/917/products/9780062316110.jpg?v=1560391592523', 45, '2007-08-18', 18),
        (331, 1, 'Interpreting literature by K. L Knickerbocker / H. Willard Reninger', 'Lorem ipsum dolor sit amet, consectetur adipisicing elit. Est magni unde vel.', 3, '//bizweb.dktcdn.net/thumb/large/100/282/917/products/51syrw3sq-plus-l-sl500-sx339-bo1-204-203-200.jpg?v=1559358242000', 56, '2003-01-30', 6),
        (332, 5, 'Dictionary of the Tarot by Bill Butler', 'Lorem ipsum dolor sit amet, consectetur adipisicing elit. At commodi culpa dolore dolorum et harum labore nam obcaecati quia quis?', 4, '//bizweb.dktcdn.net/thumb/large/100/282/917/products/l-29eff9f6-e9b0-4a31-9392-09faabbbd48c.jpg?v=1585715863000', 41, '2010-12-22', 8),
        (333, 3, 'The One Device: The Secret History of the iPhone by Brian Merchant', 'Lorem ipsum dolor sit amet, consectetur adipisicing elit. Ex explicabo mollitia, nesciunt saepe sed temporibus.', 4, '//bizweb.dktcdn.net/thumb/large/100/282/917/products/9780316555982.jpg?v=1559355033143', 48, '2016-12-01', 16),
        (334, 4, 'The Wrath of Mulgarath The Spiderwick Chronicles, Bk. 5) by Tony DiTerlizzi', 'Lorem ipsum dolor sit amet, consectetur adipisicing elit. Cupiditate, et illum in incidunt ipsam labore magni natus nisi nobis, odit porro, recusandae repellendus sit soluta suscipit! Corporis ea esse laborum.', 3, '//bizweb.dktcdn.net/thumb/large/100/282/917/products/s-9eda69bf-c0cc-4f83-b332-535e15fbd96e.jpg?v=1585584983087', 58, '2009-10-06', 20),
        (335, 4, 'The Seeing Stone (Spiderwick Chronicles, Bk. 2) by Tony DiTerlizzi', 'Lorem ipsum dolor sit amet, consectetur adipisicing elit. Cupiditate, et illum in incidunt ipsam labore magni natus nisi nobis, odit porro, recusandae repellendus sit soluta suscipit! Corporis ea esse laborum.', 4, '//bizweb.dktcdn.net/thumb/large/100/282/917/products/ss-6a087ce9-6e23-4be5-9b78-a9f0d510e52b.jpg?v=1585585512600', 53, '2004-03-03', 4),
        (336, 2, 'One Flew Over the Cuckoo''s Nest: Text And Criticism (Viking Critical Library) by Ken Kesey', 'Lorem ipsum dolor sit amet, consectetur adipisicing elit. Cupiditate, et illum in incidunt ipsam labore magni natus nisi nobis, odit porro, recusandae repellendus sit soluta suscipit! Corporis ea esse laborum.', 2, '//bizweb.dktcdn.net/thumb/large/100/282/917/products/9780140236019.jpg?v=1559275442000', 30, '2009-10-07', 5),
        (337, 1, 'The Nixie`s Song (Beyond The Spiderwick Chronicles, Bk. 1) by Tony DiTerlizzi', 'Lorem ipsum dolor sit amet, consectetur adipisicing elit. Est magni unde vel.', 3, '//bizweb.dktcdn.net/thumb/large/100/282/917/products/qq-7e084ad1-3cef-4902-9c22-fd2bc9c67cd1.jpg?v=1585585713637', 48, '2020-10-30', 15),
        (338, 4, 'Lucinda''s Secret (The Spiderwick Chronicles, Bk. 3) by Tony DiTerlizzi', 'Lorem ipsum dolor sit amet, consectetur adipisicing elit. Ex explicabo mollitia, nesciunt saepe sed temporibus.', 4, '//bizweb.dktcdn.net/thumb/large/100/282/917/products/aa-a73e04e3-60d9-4641-924f-59ff093bf520.jpg?v=1585585925650', 56, '2010-10-24', 0),
        (339, 5, 'Love Warrior (Oprah''s Book Club) by Glennon Doyle', 'Lorem ipsum dolor sit amet, consectetur adipisicing elit. Cupiditate, et illum in incidunt ipsam labore magni natus nisi nobis, odit porro, recusandae repellendus sit soluta suscipit! Corporis ea esse laborum.', 3, '//bizweb.dktcdn.net/thumb/large/100/282/917/products/vasfa.jpg?v=1559276282203', 48, '2004-08-07', 7),
        (340, 5, 'The Ironwood Tree (Spiderwick Chronicles, Bk. 4) by Tony DiTerlizzi', 'Lorem ipsum dolor sit amet, consectetur adipisicing elit. Est magni unde vel.', 5, '//bizweb.dktcdn.net/thumb/large/100/282/917/products/aaa-3421084b-fe1f-487a-a4ff-e6e555efaac8.jpg?v=1585586126290', 33, '2006-02-18', 0),
        (341, 1, 'The Everything Store: Jeff Bezos and the Age of Amazon by Brad Stone', 'Lorem ipsum dolor sit amet, consectetur adipisicing elit. Ex explicabo mollitia, nesciunt saepe sed temporibus.', 3, '//bizweb.dktcdn.net/thumb/large/100/282/917/products/9780316219280.jpg?v=1559276674747', 56, '2001-01-30', 4),
        (342, 1, 'Heidegger and a Hippo Walk Through Those Pearly Gates by Thomas Cathcart, Daniel Klein', 'Lorem ipsum dolor sit amet, consectetur adipisicing elit. Est magni unde vel.', 4, '//bizweb.dktcdn.net/thumb/large/100/282/917/products/9780143118251.jpg?v=1559276858000', 34, '2014-08-17', 1),
        (343, 5, 'The Collector by John Fowles', 'Lorem ipsum dolor sit amet, consectetur adipisicing elit. At commodi culpa dolore dolorum et harum labore nam obcaecati quia quis?', 3, '//bizweb.dktcdn.net/thumb/large/100/282/917/products/9780316290234.jpg?v=1559279382000', 34, '2016-04-03', 7),
        (344, 3, 'Gone with the Wind by Margaret Mitchell, Pat Conroy', 'Lorem ipsum dolor sit amet, consectetur adipisicing elit. Ex explicabo mollitia, nesciunt saepe sed temporibus.', 5, '//bizweb.dktcdn.net/thumb/large/100/282/917/products/gone-with-the-wind-9781451635621-lg.jpg?v=1559359494000', 57, '2014-02-08', 0),
        (345, 4, 'Gauguin, Cezanne, Matisse : Visions of Arcadia', 'Lorem ipsum dolor sit amet, consectetur adipisicing elit. Ex explicabo mollitia, nesciunt saepe sed temporibus.', 3, '//bizweb.dktcdn.net/thumb/large/100/282/917/products/9780300179804.jpg?v=1559103783580', 51, '2002-04-29', 0),
        (346, 4, 'The Story of the Design Museum', 'Lorem ipsum dolor sit amet, consectetur adipisicing elit. Cupiditate, et illum in incidunt ipsam labore magni natus nisi nobis, odit porro, recusandae repellendus sit soluta suscipit! Corporis ea esse laborum.', 2, '//bizweb.dktcdn.net/thumb/large/100/282/917/products/9780714872537.jpg?v=1559108358390', 60, '2006-01-14', 7),
        (347, 4, 'The Last Supper: Leonardo Da Vinci', 'Lorem ipsum dolor sit amet, consectetur adipisicing elit. At commodi culpa dolore dolorum et harum labore nam obcaecati quia quis?', 5, '//bizweb.dktcdn.net/thumb/large/100/282/917/products/9788854407626.jpg?v=1559108264940', 37, '2007-07-25', 9),
        (348, 5, 'Picasso and Modern British Art', 'Lorem ipsum dolor sit amet, consectetur adipisicing elit. Ex explicabo mollitia, nesciunt saepe sed temporibus.', 5, '//bizweb.dktcdn.net/thumb/large/100/282/917/products/9781854378903.jpg?v=1559108496787', 56, '2015-11-21', 13),
        (349, 1, 'Michelangelo Sculptor', 'Lorem ipsum dolor sit amet, consectetur adipisicing elit. Cupiditate, et illum in incidunt ipsam labore magni natus nisi nobis, odit porro, recusandae repellendus sit soluta suscipit! Corporis ea esse laborum.', 2, '//bizweb.dktcdn.net/thumb/large/100/282/917/products/9788871796406.jpg?v=1559108991560', 51, '2004-06-17', 13),
        (350, 2, 'Michelangelo Drawings : Closer to the Master', 'Lorem ipsum dolor sit amet, consectetur adipisicing elit. At commodi culpa dolore dolorum et harum labore nam obcaecati quia quis?', 2, '//bizweb.dktcdn.net/thumb/large/100/282/917/products/9780300111477.jpg?v=1559108862547', 46, '2021-12-24', 13),
        (351, 4, 'Making Art From Maps : Inspiration, Techniques, and an International Gallery of Artists', 'Lorem ipsum dolor sit amet, consectetur adipisicing elit. Cupiditate, et illum in incidunt ipsam labore magni natus nisi nobis, odit porro, recusandae repellendus sit soluta suscipit! Corporis ea esse laborum.', 5, '//bizweb.dktcdn.net/thumb/large/100/282/917/products/9781631591020.jpg?v=1559108749000', 34, '2007-03-20', 9),
        (352, 5, 'Leonardo''s Legacy : How Da Vinci Reimagined the World', 'Lorem ipsum dolor sit amet, consectetur adipisicing elit. Cupiditate, et illum in incidunt ipsam labore magni natus nisi nobis, odit porro, recusandae repellendus sit soluta suscipit! Corporis ea esse laborum.', 5, '//bizweb.dktcdn.net/thumb/large/100/282/917/products/9780306820083.jpg?v=1559108666230', 52, '2015-12-28', 9),
        (353, 2, 'Contemporary Japanese Ceramics', 'Lorem ipsum dolor sit amet, consectetur adipisicing elit. Asperiores, porro.', 4, '//bizweb.dktcdn.net/thumb/large/100/282/917/products/9781891640384.jpg?v=1559109249083', 48, '2005-01-27', 3),
        (354, 4, '500 Portraits', 'Lorem ipsum dolor sit amet, consectetur adipisicing elit. At commodi culpa dolore dolorum et harum labore nam obcaecati quia quis?', 5, '//bizweb.dktcdn.net/thumb/large/100/282/917/products/9781606994733.jpg?v=1559109308310', 60, '2012-06-22', 17),
        (355, 5, 'The World''s Best Beach Houses', 'Lorem ipsum dolor sit amet, consectetur adipisicing elit. Cupiditate, et illum in incidunt ipsam labore magni natus nisi nobis, odit porro, recusandae repellendus sit soluta suscipit! Corporis ea esse laborum.', 5, '//bizweb.dktcdn.net/thumb/large/100/282/917/products/9781864705003.jpg?v=1559110150047', 40, '2001-12-04', 15),
        (356, 3, 'Sustainable Asian House : Thailand, Malaysia, Singapore, Indonesia, Philippines', 'Lorem ipsum dolor sit amet, consectetur adipisicing elit. Cupiditate, et illum in incidunt ipsam labore magni natus nisi nobis, odit porro, recusandae repellendus sit soluta suscipit! Corporis ea esse laborum.', 2, '//bizweb.dktcdn.net/thumb/large/100/282/917/products/9780804848978.jpg?v=1559110099540', 45, '2016-04-26', 3),
        (357, 5, 'It''s Not About the Bike : My Journey Back to Life by Lance Armstrong', 'Lorem ipsum dolor sit amet, consectetur adipisicing elit. Cupiditate, et illum in incidunt ipsam labore magni natus nisi nobis, odit porro, recusandae repellendus sit soluta suscipit! Corporis ea esse laborum.', 3, '//bizweb.dktcdn.net/thumb/large/100/282/917/products/9780399146114.jpg?v=1558940944413', 50, '2015-08-09', 16),
        (358, 3, 'Resurgence: The Four Stages of Market Focused Reinvention by', 'Lorem ipsum dolor sit amet, consectetur adipisicing elit. At commodi culpa dolore dolorum et harum labore nam obcaecati quia quis?', 3, '//bizweb.dktcdn.net/thumb/large/100/282/917/products/9781137278616.jpg?v=1558940801000', 57, '2020-12-19', 15),
        (359, 3, 'Veronica Mars: The Thousand-Dollar Tan Line', 'Lorem ipsum dolor sit amet, consectetur adipisicing elit. Asperiores, porro.', 5, '//bizweb.dktcdn.net/thumb/large/100/282/917/products/9780804170703.jpg?v=1558939881000', 35, '2011-01-15', 0),
        (360, 4, 'The Catcher In The Rye by J. D. Salinger', 'Lorem ipsum dolor sit amet, consectetur adipisicing elit. Ex explicabo mollitia, nesciunt saepe sed temporibus.', 4, '//bizweb.dktcdn.net/thumb/large/100/282/917/products/9780316769174.jpg?v=1558751760000', 54, '2015-07-24', 4),
        (361, 1, 'Codename Villanelle (Killing Eve) by', 'Lorem ipsum dolor sit amet, consectetur adipisicing elit. Est magni unde vel.', 3, '//bizweb.dktcdn.net/thumb/large/100/282/917/products/9780316476720.jpg?v=1558699668000', 44, '2015-06-14', 11),
        (362, 4, 'Authentic Leadership (HBR Emotional Intelligence Series) by Harvard Business Review', 'Lorem ipsum dolor sit amet, consectetur adipisicing elit. Ex explicabo mollitia, nesciunt saepe sed temporibus.', 5, '//bizweb.dktcdn.net/thumb/large/100/282/917/products/9781633693913.jpg?v=1558322563337', 40, '2020-08-02', 10),
        (363, 2, '"Casino Royale" Bond on Set', 'Lorem ipsum dolor sit amet, consectetur adipisicing elit. Ex explicabo mollitia, nesciunt saepe sed temporibus.', 5, '//bizweb.dktcdn.net/thumb/large/100/282/917/products/9781405316583.jpg?v=1557810247623', 30, '2007-08-08', 18),
        (364, 3, 'Laura Ingall Wilder''s "Little House on the Prairie" (COLLECTOR''S EDITION)', 'Lorem ipsum dolor sit amet, consectetur adipisicing elit. Est magni unde vel.', 4, '//bizweb.dktcdn.net/thumb/large/100/282/917/products/9780060282448.jpg?v=1557454670837', 39, '2017-07-26', 1),
        (365, 4, 'Statistics Workbook For Dummies by Deborah J. Rumsey', 'Lorem ipsum dolor sit amet, consectetur adipisicing elit. Ex explicabo mollitia, nesciunt saepe sed temporibus.', 3, '//bizweb.dktcdn.net/thumb/large/100/282/917/products/9780764584664.jpg?v=1556951922470', 53, '2000-07-30', 9),
        (366, 4, '7 Mindsets of Success : What You Really Need to Do to Achieve Rapid, Top-Level Success by Sten Morgan', 'Lorem ipsum dolor sit amet, consectetur adipisicing elit. Cupiditate, et illum in incidunt ipsam labore magni natus nisi nobis, odit porro, recusandae repellendus sit soluta suscipit! Corporis ea esse laborum.', 2, '//bizweb.dktcdn.net/thumb/large/100/282/917/products/9781683503019.jpg?v=1556951812757', 39, '2002-09-07', 1),
        (367, 4, 'Python Tricks : A Buffet of Awesome Python Features by Dan Bader', 'Lorem ipsum dolor sit amet, consectetur adipisicing elit. At commodi culpa dolore dolorum et harum labore nam obcaecati quia quis?', 4, '//bizweb.dktcdn.net/thumb/large/100/282/917/products/9781775093305.jpg?v=1556950958113', 45, '2020-11-01', 14),
        (368, 1, 'Python Programming : An Introduction to Computer Science by John M. Zelle', 'Lorem ipsum dolor sit amet, consectetur adipisicing elit. Asperiores, porro.', 2, '//bizweb.dktcdn.net/thumb/large/100/282/917/products/9781590282755.jpg?v=1556950632227', 50, '2016-05-03', 19),
        (369, 5, 'Statistics For Dummies by  Deborah J. Rumsey', 'Lorem ipsum dolor sit amet, consectetur adipisicing elit. Cupiditate, et illum in incidunt ipsam labore magni natus nisi nobis, odit porro, recusandae repellendus sit soluta suscipit! Corporis ea esse laborum.', 2, '//bizweb.dktcdn.net/thumb/large/100/282/917/products/9781119293521.jpg?v=1556950439647', 44, '2007-04-26', 10),
        (370, 5, 'Becoming Steve Jobs : The Evolution of a Reckless Upstart Into a Visionary Leader by Brent Schlender', 'Lorem ipsum dolor sit amet, consectetur adipisicing elit. Cupiditate, et illum in incidunt ipsam labore magni natus nisi nobis, odit porro, recusandae repellendus sit soluta suscipit! Corporis ea esse laborum.', 2, '//bizweb.dktcdn.net/thumb/large/100/282/917/products/9781444762013.jpg?v=1564020192993', 58, '2009-03-19', 9),
        (371, 4, 'The Alchemist: 25th Anniversary Edition by Paulo Coelho (SIGNED EDITION)', 'Lorem ipsum dolor sit amet, consectetur adipisicing elit. Est magni unde vel.', 5, '//bizweb.dktcdn.net/thumb/large/100/282/917/products/s-l640.jpg?v=1559013856833', 56, '2008-03-18', 16),
        (372, 2, 'Gone with the Wind (International Collectors Library Series) by Margaret Mitchell', 'Lorem ipsum dolor sit amet, consectetur adipisicing elit. Asperiores, porro.', 2, '//bizweb.dktcdn.net/thumb/large/100/282/917/products/a1kt4pg-plus-1cl-ac-ul654-ql65.jpg?v=1556597546467', 54, '2012-06-29', 20),
        (373, 1, 'The Limits of Surveillance and Financial Market Failure : Lessons from the Euro-Area Crisis', 'Lorem ipsum dolor sit amet, consectetur adipisicing elit. Cupiditate, et illum in incidunt ipsam labore magni natus nisi nobis, odit porro, recusandae repellendus sit soluta suscipit! Corporis ea esse laborum.', 2, '//bizweb.dktcdn.net/thumb/large/100/282/917/products/9781137471468.jpg?v=1556431540617', 39, '2009-11-13', 8),
        (374, 5, 'A Bigger Prize : When No One Wins Unless Everyone Wins by Margaret Heffernan', 'Lorem ipsum dolor sit amet, consectetur adipisicing elit. Ex explicabo mollitia, nesciunt saepe sed temporibus.', 3, '//bizweb.dktcdn.net/thumb/large/100/282/917/products/9781471100765.jpg?v=1556431461750', 39, '2007-06-17', 10),
        (375, 1, 'Credit Rating Agencies And The Financial Crisis by United States Congress House of Represen', 'Lorem ipsum dolor sit amet, consectetur adipisicing elit. Ex explicabo mollitia, nesciunt saepe sed temporibus.', 5, '//bizweb.dktcdn.net/thumb/large/100/282/917/products/51nlytw8hhl-sx382-bo1-204-203-200.jpg?v=1556431327873', 42, '2013-04-16', 10),
        (376, 5, 'TURMOIL IN U.S. CREDIT MARKETS: THE ROLE OF CREDIT RATING AGENCIES by United States Congress Senate Committee', 'Lorem ipsum dolor sit amet, consectetur adipisicing elit. Cupiditate, et illum in incidunt ipsam labore magni natus nisi nobis, odit porro, recusandae repellendus sit soluta suscipit! Corporis ea esse laborum.', 3, '//bizweb.dktcdn.net/thumb/large/100/282/917/products/51movlxalzl-sx382-bo1-204-203-200.jpg?v=1556431266753', 41, '2006-12-26', 10),
        (377, 4, 'Rating The Raters: Enron And The Credit Rating Agencies by United States Congress Senate Committee on Governmental Affairs', 'Lorem ipsum dolor sit amet, consectetur adipisicing elit. Ex explicabo mollitia, nesciunt saepe sed temporibus.', 5, '//bizweb.dktcdn.net/thumb/large/100/282/917/products/51xm-plus-7yjggl-sx373-bo1-204-203-200.jpg?v=1556431202313', 30, '2013-06-22', 0),
        (378, 3, 'Return on Engagement : Content, Strategy, and Design Techniques for Digital Marketing by Tim Frick', 'Lorem ipsum dolor sit amet, consectetur adipisicing elit. Cupiditate, et illum in incidunt ipsam labore magni natus nisi nobis, odit porro, recusandae repellendus sit soluta suscipit! Corporis ea esse laborum.', 4, '//bizweb.dktcdn.net/thumb/large/100/282/917/products/9780240812830.jpg?v=1556431120940', 33, '2003-07-28', 18),
        (379, 1, 'Pushing The Boundaries: Stories From The Putrajaya Years', 'Lorem ipsum dolor sit amet, consectetur adipisicing elit. Cupiditate, et illum in incidunt ipsam labore magni natus nisi nobis, odit porro, recusandae repellendus sit soluta suscipit! Corporis ea esse laborum.', 5, '//bizweb.dktcdn.net/thumb/large/100/282/917/products/29464721.jpg?v=1556431041440', 35, '2016-06-30', 6),
        (380, 5, 'The Right to Brand by Yasmin Merican', 'Lorem ipsum dolor sit amet, consectetur adipisicing elit. Cupiditate, et illum in incidunt ipsam labore magni natus nisi nobis, odit porro, recusandae repellendus sit soluta suscipit! Corporis ea esse laborum.', 5, '//bizweb.dktcdn.net/thumb/large/100/282/917/products/71etyeyhmkl.jpg?v=1556430446777', 57, '2009-03-12', 8),
        (381, 4, '150 of the Most Beautiful Songs Ever', 'Lorem ipsum dolor sit amet, consectetur adipisicing elit. Asperiores, porro.', 2, '//bizweb.dktcdn.net/thumb/large/100/282/917/products/9781423410867.jpg?v=1556420540057', 44, '2004-10-16', 5),
        (382, 1, 'The Forgotten Room by  Lincoln Child', 'Lorem ipsum dolor sit amet, consectetur adipisicing elit. Est magni unde vel.', 4, '//bizweb.dktcdn.net/thumb/large/100/282/917/products/9780385531405.jpg?v=1556420358000', 60, '2012-08-05', 11),
        (383, 4, 'Hard-Boiled Wonderland and the end of the world by Haruki Murakami', 'Lorem ipsum dolor sit amet, consectetur adipisicing elit. Cupiditate, et illum in incidunt ipsam labore magni natus nisi nobis, odit porro, recusandae repellendus sit soluta suscipit! Corporis ea esse laborum.', 2, '//bizweb.dktcdn.net/thumb/large/100/282/917/products/j.jpg?v=1585660983467', 34, '2016-02-06', 0),
        (384, 1, 'HBR''s 10 Must Reads on Change Management by Harvard Business Review', 'Lorem ipsum dolor sit amet, consectetur adipisicing elit. Asperiores, porro.', 4, '//bizweb.dktcdn.net/thumb/large/100/282/917/products/9781422158005.jpg?v=1555562917190', 50, '2017-12-22', 20),
        (385, 5, 'The Fifth Risk : Undoing Democracy by Michael Lewis', 'Lorem ipsum dolor sit amet, consectetur adipisicing elit. Ex explicabo mollitia, nesciunt saepe sed temporibus.', 4, '//bizweb.dktcdn.net/thumb/large/100/282/917/products/9780241373545.jpg?v=1555565458503', 59, '2012-03-04', 5),
        (386, 4, 'Birthday Girl by Haruki Murakami', 'Lorem ipsum dolor sit amet, consectetur adipisicing elit. Asperiores, porro.', 5, '//bizweb.dktcdn.net/thumb/large/100/282/917/products/9781787301252.jpg?v=1555564978000', 55, '2006-03-14', 12),
        (387, 3, 'Goodnight Stories for Rebel Girls 2', 'Lorem ipsum dolor sit amet, consectetur adipisicing elit. At commodi culpa dolore dolorum et harum labore nam obcaecati quia quis?', 5, '//bizweb.dktcdn.net/thumb/large/100/282/917/products/9780997895827.jpg?v=1555565053237', 49, '2005-10-22', 12),
        (388, 3, 'The Power of Habit : Why We Do What We Do in Life and Business by Charles Duhigg', 'Lorem ipsum dolor sit amet, consectetur adipisicing elit. Est magni unde vel.', 4, '//bizweb.dktcdn.net/thumb/large/100/282/917/products/9780812981605.jpg?v=1555565645947', 30, '2021-08-16', 18),
        (389, 1, 'Silence: The Power of Quiet in a World Full of Noise  by Thich Nhat Hanh', 'Lorem ipsum dolor sit amet, consectetur adipisicing elit. At commodi culpa dolore dolorum et harum labore nam obcaecati quia quis?', 4, '//bizweb.dktcdn.net/thumb/large/100/282/917/products/41nuz8a93tl-sx327-bo1-204-203-200.jpg?v=1554274835000', 43, '2021-11-17', 16),
        (390, 5, 'The Chess Man by Peter May', 'Lorem ipsum dolor sit amet, consectetur adipisicing elit. Cupiditate, et illum in incidunt ipsam labore magni natus nisi nobis, odit porro, recusandae repellendus sit soluta suscipit! Corporis ea esse laborum.', 2, '//bizweb.dktcdn.net/thumb/large/100/282/917/products/d-eeda556b-e721-4a5f-b743-3357e5c84411.jpg?v=1585716831057', 38, '2008-12-01', 13),
        (391, 5, 'The Lewis Man by Peter May', 'Lorem ipsum dolor sit amet, consectetur adipisicing elit. Cupiditate, et illum in incidunt ipsam labore magni natus nisi nobis, odit porro, recusandae repellendus sit soluta suscipit! Corporis ea esse laborum.', 5, '//bizweb.dktcdn.net/thumb/large/100/282/917/products/x-ec0fee84-1863-4fe6-96bc-05837bb47c85.jpg?v=1585716971333', 39, '2007-11-09', 17),
        (392, 3, 'Steve Jobs', 'Lorem ipsum dolor sit amet, consectetur adipisicing elit. Asperiores, porro.', 5, '//bizweb.dktcdn.net/thumb/large/100/282/917/products/9781501127625.jpg?v=1554197409310', 58, '2016-07-06', 18),
        (393, 4, 'Dear Founder : Letters of Advice for Anyone Who Leads, Manages, or Wants to Start a Business by Maynard Webb, Carlye Adler, Howard Schultz (Contributions by)', 'Lorem ipsum dolor sit amet, consectetur adipisicing elit. Est magni unde vel.', 4, '//bizweb.dktcdn.net/thumb/large/100/282/917/products/41uyjzjqxtl-sx322-bo1-204-203-200.jpg?v=1554125704803', 57, '2010-03-15', 16),
        (394, 5, 'The Congratulations, You''re Expecting! Gift Set by Heidi Murkoff, Sharon Mazel (With)', 'Lorem ipsum dolor sit amet, consectetur adipisicing elit. Est magni unde vel.', 4, '//bizweb.dktcdn.net/thumb/large/100/282/917/products/51x3bbdb-fl-sr600-315-piwhitestrip-bottomleft-0-35-sclzzzzzzz.jpg?v=1554125932013', 37, '2005-04-20', 0),
        (395, 1, 'The Devil and Miss Prym by Paulo Coelho', 'Lorem ipsum dolor sit amet, consectetur adipisicing elit. At commodi culpa dolore dolorum et harum labore nam obcaecati quia quis?', 4, '//bizweb.dktcdn.net/thumb/large/100/282/917/products/9780007116034.jpg?v=1554126902273', 33, '2014-11-20', 20),
        (396, 3, 'Manuscript Found in Accra by Paulo Coelho', 'Lorem ipsum dolor sit amet, consectetur adipisicing elit. Est magni unde vel.', 2, '//bizweb.dktcdn.net/thumb/large/100/282/917/products/9780385349833.jpg?v=1554127030043', 36, '2006-07-11', 11),
        (397, 4, 'Veronika Decides To Die by Paulo Coelho', 'Lorem ipsum dolor sit amet, consectetur adipisicing elit. At commodi culpa dolore dolorum et harum labore nam obcaecati quia quis?', 3, '//bizweb.dktcdn.net/thumb/large/100/282/917/products/9780722539316.jpg?v=1554127202740', 46, '2004-12-31', 2),
        (398, 5, 'The Devil and Miss Prym: A Novel of Temptation by Paulo Coelho', 'Lorem ipsum dolor sit amet, consectetur adipisicing elit. Asperiores, porro.', 3, '//bizweb.dktcdn.net/thumb/large/100/282/917/products/9780060527990.jpg?v=1554127301193', 34, '2017-05-14', 2),
        (399, 4, 'Eleven Minutes by Paulo Coelho', 'Lorem ipsum dolor sit amet, consectetur adipisicing elit. Cupiditate, et illum in incidunt ipsam labore magni natus nisi nobis, odit porro, recusandae repellendus sit soluta suscipit! Corporis ea esse laborum.', 3, '//bizweb.dktcdn.net/thumb/large/100/282/917/products/9780007166022.jpg?v=1554127840093', 44, '2017-04-01', 1),
        (400, 1, 'Why Men Marry Bitches: A Woman''s Guide to Winning Her Man''s Heart by Sherry Argov', 'Lorem ipsum dolor sit amet, consectetur adipisicing elit. Ex explicabo mollitia, nesciunt saepe sed temporibus.', 2, '//bizweb.dktcdn.net/thumb/large/100/282/917/products/9780743276375.jpg?v=1554128031000', 33, '2019-07-03', 14),
        (401, 2, 'Beauty and Sadness by Yasunari Kawabata', 'Lorem ipsum dolor sit amet, consectetur adipisicing elit. Asperiores, porro.', 3, '//bizweb.dktcdn.net/thumb/large/100/282/917/products/9780394460550-uk.jpg?v=1554128354000', 38, '2016-11-23', 6),
        (402, 2, 'Silent House by Orhan Pamuk', 'Lorem ipsum dolor sit amet, consectetur adipisicing elit. Cupiditate, et illum in incidunt ipsam labore magni natus nisi nobis, odit porro, recusandae repellendus sit soluta suscipit! Corporis ea esse laborum.', 5, '//bizweb.dktcdn.net/thumb/large/100/282/917/products/9780307402653-uk.jpg?v=1554129155000', 32, '2005-09-09', 8),
        (403, 3, 'Ten Thousand Roses: The Making of a Feminist Revolution by Judy Rebick', 'Lorem ipsum dolor sit amet, consectetur adipisicing elit. Cupiditate, et illum in incidunt ipsam labore magni natus nisi nobis, odit porro, recusandae repellendus sit soluta suscipit! Corporis ea esse laborum.', 4, '//bizweb.dktcdn.net/thumb/large/100/282/917/products/9780143015444.jpg?v=1554130482420', 30, '2005-03-02', 4),
        (404, 4, 'Summer Crossing by Truman Capote', 'Lorem ipsum dolor sit amet, consectetur adipisicing elit. Ex explicabo mollitia, nesciunt saepe sed temporibus.', 4, '//bizweb.dktcdn.net/thumb/large/100/282/917/products/9781400065226.jpg?v=1554130550000', 52, '2013-11-18', 9),
        (405, 2, 'Sabbath (Ancient Practices Series)', 'Lorem ipsum dolor sit amet, consectetur adipisicing elit. Asperiores, porro.', 2, '//bizweb.dktcdn.net/thumb/large/100/282/917/products/9780849946042.jpg?v=1554131129067', 59, '2009-11-17', 8),
        (406, 3, 'Reef Fishes of South-East Asia by Michael Aw / Elizabeth Wood', 'Lorem ipsum dolor sit amet, consectetur adipisicing elit. Ex explicabo mollitia, nesciunt saepe sed temporibus.', 2, '//bizweb.dktcdn.net/thumb/large/100/282/917/products/9781472940582.jpg?v=1554131381473', 49, '2012-12-15', 6),
        (407, 3, 'The Little Library Cookbook: 100 Recipes from Your Favorite Books by Kate Young', 'Lorem ipsum dolor sit amet, consectetur adipisicing elit. Est magni unde vel.', 5, '//bizweb.dktcdn.net/thumb/large/100/282/917/products/51lol6l5ocl-sx357-bo1-204-203-200.jpg?v=1554132812877', 35, '2021-05-25', 7),
        (408, 1, 'The Letters of Abelard and Heloise (Penguin Classics) by Peter Abelard, Heloise, Michael Clanchy (Introduction by)', 'Lorem ipsum dolor sit amet, consectetur adipisicing elit. Est magni unde vel.', 3, '//bizweb.dktcdn.net/thumb/large/100/282/917/products/9780140448993.jpg?v=1554133219000', 46, '2009-08-10', 17),
        (409, 2, 'Death in Venice  by Thomas Mann', 'Lorem ipsum dolor sit amet, consectetur adipisicing elit. At commodi culpa dolore dolorum et harum labore nam obcaecati quia quis?', 4, '//bizweb.dktcdn.net/thumb/large/100/282/917/products/9780060576172.jpg?v=1554134219000', 49, '2006-09-09', 5),
        (410, 2, 'Clash! : How to Thrive in a Multicultural World by Alana Conner, Hazel Rose Markus', 'Lorem ipsum dolor sit amet, consectetur adipisicing elit. Ex explicabo mollitia, nesciunt saepe sed temporibus.', 4, '//bizweb.dktcdn.net/thumb/large/100/282/917/products/9780142180938.jpg?v=1554134493903', 43, '2014-10-03', 11),
        (411, 5, 'Birds of the West Indies (Pocket Photo Guides) by G. Michael Flieg, Allan Sander (Photographs by)', 'Lorem ipsum dolor sit amet, consectetur adipisicing elit. Ex explicabo mollitia, nesciunt saepe sed temporibus.', 2, '//bizweb.dktcdn.net/thumb/large/100/282/917/products/9781472938145.jpg?v=1554134790310', 35, '2011-06-10', 5),
        (412, 5, 'Birds of Sri Lanka (Pocket Photo Guide) by Gehan de Silva Wijeyeratne, Deepal Warakagoda, T S U de Zylva', 'Lorem ipsum dolor sit amet, consectetur adipisicing elit. Cupiditate, et illum in incidunt ipsam labore magni natus nisi nobis, odit porro, recusandae repellendus sit soluta suscipit! Corporis ea esse laborum.', 2, '//bizweb.dktcdn.net/thumb/large/100/282/917/products/9781472932938.jpg?v=1554134859203', 31, '2016-12-05', 4),
        (413, 4, 'Birds of Peninsular Malaysia and Singapore (Pocket Photo Guides) by G. W. H. Davison, Chew Yen Fook (Photographs by)', 'Lorem ipsum dolor sit amet, consectetur adipisicing elit. Cupiditate, et illum in incidunt ipsam labore magni natus nisi nobis, odit porro, recusandae repellendus sit soluta suscipit! Corporis ea esse laborum.', 2, '//bizweb.dktcdn.net/thumb/large/100/282/917/products/9781472938237.jpg?v=1554134967870', 31, '2011-11-13', 12),
        (414, 4, 'Birds of Italy (Pocket Photo Guides) by Marianne Taylor, Daniele Occhiato', 'Lorem ipsum dolor sit amet, consectetur adipisicing elit. At commodi culpa dolore dolorum et harum labore nam obcaecati quia quis?', 4, '//bizweb.dktcdn.net/thumb/large/100/282/917/products/9781472949820.jpg?v=1554135162590', 43, '2020-09-23', 4),
        (415, 4, 'Asteroid Hunters (TED Books) by Carrie Nugent', 'Lorem ipsum dolor sit amet, consectetur adipisicing elit. At commodi culpa dolore dolorum et harum labore nam obcaecati quia quis?', 5, '//bizweb.dktcdn.net/thumb/large/100/282/917/products/51vthun4h4l-sx360-bo1-204-203-200.jpg?v=1554135584490', 51, '2019-05-11', 16),
        (416, 5, '10 Days to More Confident Public Speaking by Princeton Language Institute', 'Lorem ipsum dolor sit amet, consectetur adipisicing elit. Ex explicabo mollitia, nesciunt saepe sed temporibus.', 5, '//bizweb.dktcdn.net/thumb/large/100/282/917/products/9780446676687.jpg?v=1554135747593', 36, '2003-07-28', 4),
        (417, 1, 'On the Warrior''s Path (2nd Edition) by Daniele Bolelli', 'Lorem ipsum dolor sit amet, consectetur adipisicing elit. Ex explicabo mollitia, nesciunt saepe sed temporibus.', 5, '//bizweb.dktcdn.net/thumb/large/100/282/917/products/9781583942192.jpg?v=1554211570653', 51, '2017-12-12', 0),
        (418, 2, 'Notes for the Everlost: A Field Guide to Grief by Kate Inglis', 'Lorem ipsum dolor sit amet, consectetur adipisicing elit. Cupiditate, et illum in incidunt ipsam labore magni natus nisi nobis, odit porro, recusandae repellendus sit soluta suscipit! Corporis ea esse laborum.', 2, '//bizweb.dktcdn.net/thumb/large/100/282/917/products/9781611805505.jpg?v=1554211636813', 42, '2014-04-18', 14),
        (419, 1, 'Ethics 101: From Altruism and Utilitarianism to Bioethics and Political Ethics, an Exploration of the Concepts of Right and Wrong (Adams 101)  by Brian Boone', 'Lorem ipsum dolor sit amet, consectetur adipisicing elit. Cupiditate, et illum in incidunt ipsam labore magni natus nisi nobis, odit porro, recusandae repellendus sit soluta suscipit! Corporis ea esse laborum.', 5, '//bizweb.dktcdn.net/thumb/large/100/282/917/products/9781507204931.jpg?v=1554212457000', 32, '2013-02-26', 18),
        (420, 5, 'South of the Border, West of the Sun by Haruki Murakami', 'Lorem ipsum dolor sit amet, consectetur adipisicing elit. Asperiores, porro.', 3, '//bizweb.dktcdn.net/thumb/large/100/282/917/products/9780679767398.jpg?v=1554214060520', 40, '2001-12-01', 14),
        (421, 1, 'Short Films 101: How to Make a Short for Under $50k - and Launch Your Filmmaking Career by Frederick Levy', 'Lorem ipsum dolor sit amet, consectetur adipisicing elit. Cupiditate, et illum in incidunt ipsam labore magni natus nisi nobis, odit porro, recusandae repellendus sit soluta suscipit! Corporis ea esse laborum.', 3, '//bizweb.dktcdn.net/thumb/large/100/282/917/products/9780399529498.jpg?v=1554194564683', 40, '2020-06-27', 17),
        (422, 5, 'The Schooldays of Jesus by J. M. Coetzee', 'Lorem ipsum dolor sit amet, consectetur adipisicing elit. Ex explicabo mollitia, nesciunt saepe sed temporibus.', 4, '//bizweb.dktcdn.net/thumb/large/100/282/917/products/9780735222663.jpg?v=1554194278153', 42, '2002-07-01', 1),
        (423, 3, 'Passionate Politics: Feminist Theory in Action - Essays, 1968-1986 by Charlotte Bunch', 'Lorem ipsum dolor sit amet, consectetur adipisicing elit. Est magni unde vel.', 3, '//bizweb.dktcdn.net/thumb/large/100/282/917/products/9780312302290.jpg?v=1554192526760', 32, '2014-09-23', 10),
        (424, 2, 'Literary Starbucks: Fresh-Brewed, Half-Caf, No-Whip Bookish Humor by Nora Katz, Wilson Josephson, Jill Poskanzer, Harry Bliss', 'Lorem ipsum dolor sit amet, consectetur adipisicing elit. Asperiores, porro.', 2, '//bizweb.dktcdn.net/thumb/large/100/282/917/products/9781250096791.jpg?v=1554188443673', 38, '2017-05-12', 19),
        (425, 2, 'Hollywood Foto-Rhetoric: The Lost Manuscript by Bob Dylan and Barry Feinstein', 'Lorem ipsum dolor sit amet, consectetur adipisicing elit. Cupiditate, et illum in incidunt ipsam labore magni natus nisi nobis, odit porro, recusandae repellendus sit soluta suscipit! Corporis ea esse laborum.', 4, '//bizweb.dktcdn.net/thumb/large/100/282/917/products/9781439112557.jpg?v=1554186206000', 49, '2003-01-06', 2),
        (426, 1, 'Alone by Christophe Chabouté', 'Lorem ipsum dolor sit amet, consectetur adipisicing elit. Cupiditate, et illum in incidunt ipsam labore magni natus nisi nobis, odit porro, recusandae repellendus sit soluta suscipit! Corporis ea esse laborum.', 4, '//bizweb.dktcdn.net/thumb/large/100/282/917/products/9781501153327.jpg?v=1554179116000', 42, '2011-09-20', 6),
        (427, 2, 'About Women: Conversations Between a Writer and a Painter by Lisa Alther, Francoise Gilot', 'Lorem ipsum dolor sit amet, consectetur adipisicing elit. At commodi culpa dolore dolorum et harum labore nam obcaecati quia quis?', 3, '//bizweb.dktcdn.net/thumb/large/100/282/917/products/9780385539869.jpg?v=1554178906203', 40, '2017-05-16', 17),
        (428, 5, '50 Successful Harvard Application Essays by Staff of the Harvard Crimson', 'Lorem ipsum dolor sit amet, consectetur adipisicing elit. Est magni unde vel.', 2, '//bizweb.dktcdn.net/thumb/large/100/282/917/products/9781250127556.jpg?v=1554178748000', 33, '2008-12-12', 17),
        (429, 3, '100 Successful College Application Essays by The Harvard Independent', 'Lorem ipsum dolor sit amet, consectetur adipisicing elit. Ex explicabo mollitia, nesciunt saepe sed temporibus.', 4, '//bizweb.dktcdn.net/thumb/large/100/282/917/products/9780451417619.jpg?v=1554178529000', 58, '2021-03-31', 14),
        (430, 2, 'We Are All Weird: The Rise of Tribes and the End of Normal by Seth Godin', 'Lorem ipsum dolor sit amet, consectetur adipisicing elit. At commodi culpa dolore dolorum et harum labore nam obcaecati quia quis?', 3, '//bizweb.dktcdn.net/thumb/large/100/282/917/products/9781591848240.jpg?v=1554178141103', 54, '2007-03-31', 6),
        (431, 1, 'The Talent Code: Greatness Isn''t Born. It''s Grown. Here''s How. by Daniel Coyle', 'Lorem ipsum dolor sit amet, consectetur adipisicing elit. Est magni unde vel.', 4, '//bizweb.dktcdn.net/thumb/large/100/282/917/products/9780553806847.jpg?v=1554176368787', 47, '2008-12-05', 19),
        (432, 5, 'Read This Before Our Next Meeting: How We Can Get More Done by Al Pittampalli', 'Lorem ipsum dolor sit amet, consectetur adipisicing elit. Ex explicabo mollitia, nesciunt saepe sed temporibus.', 2, '//bizweb.dktcdn.net/thumb/large/100/282/917/products/9781591848271.jpg?v=1554175585757', 45, '2012-08-16', 10);

INSERT INTO bookstore.bookuser (BookID, UserID)
VALUES  (1, 3),
        (7, 3),
        (8, 3),
        (31, 3),
        (34, 3),
        (37, 3),
        (39, 3),
        (44, 3),
        (46, 3),
        (47, 3),
        (65, 3),
        (75, 3),
        (76, 3),
        (83, 3),
        (88, 3),
        (100, 3),
        (115, 3),
        (116, 3),
        (118, 3),
        (122, 3),
        (126, 3),
        (143, 3),
        (147, 3),
        (156, 3),
        (157, 3),
        (159, 3),
        (174, 3),
        (175, 3),
        (186, 3),
        (197, 3),
        (213, 3),
        (223, 3),
        (228, 3),
        (250, 3),
        (251, 3),
        (252, 3),
        (254, 3),
        (265, 3),
        (278, 3),
        (287, 3),
        (303, 3),
        (307, 3),
        (309, 3),
        (317, 3),
        (322, 3),
        (333, 3),
        (347, 3),
        (352, 3),
        (356, 3),
        (359, 3),
        (370, 3),
        (378, 3),
        (386, 3),
        (397, 3),
        (401, 3),
        (411, 3),
        (2, 6),
        (9, 6),
        (12, 6),
        (48, 6),
        (53, 6),
        (71, 6),
        (77, 6),
        (82, 6),
        (90, 6),
        (91, 6),
        (99, 6),
        (103, 6),
        (111, 6),
        (121, 6),
        (146, 6),
        (150, 6),
        (152, 6),
        (171, 6),
        (188, 6),
        (189, 6),
        (191, 6),
        (204, 6),
        (214, 6),
        (215, 6),
        (221, 6),
        (240, 6),
        (244, 6),
        (246, 6),
        (249, 6),
        (269, 6),
        (273, 6),
        (301, 6),
        (305, 6),
        (306, 6),
        (308, 6),
        (315, 6),
        (316, 6),
        (318, 6),
        (326, 6),
        (330, 6),
        (334, 6),
        (367, 6),
        (374, 6),
        (376, 6),
        (379, 6),
        (387, 6),
        (399, 6),
        (409, 6),
        (419, 6),
        (427, 6),
        (4, 7),
        (11, 7),
        (14, 7),
        (18, 7),
        (22, 7),
        (25, 7),
        (27, 7),
        (28, 7),
        (32, 7),
        (35, 7),
        (54, 7),
        (55, 7),
        (79, 7),
        (84, 7),
        (92, 7),
        (93, 7),
        (95, 7),
        (97, 7),
        (102, 7),
        (109, 7),
        (113, 7),
        (119, 7),
        (124, 7),
        (128, 7),
        (140, 7),
        (144, 7),
        (148, 7),
        (151, 7),
        (172, 7),
        (178, 7),
        (179, 7),
        (183, 7),
        (194, 7),
        (199, 7),
        (203, 7),
        (210, 7),
        (212, 7),
        (230, 7),
        (275, 7),
        (282, 7),
        (290, 7),
        (299, 7),
        (313, 7),
        (328, 7),
        (338, 7),
        (340, 7),
        (346, 7),
        (354, 7),
        (357, 7),
        (369, 7),
        (392, 7),
        (396, 7),
        (406, 7),
        (412, 7),
        (415, 7),
        (425, 7),
        (426, 7),
        (19, 8),
        (45, 8),
        (50, 8),
        (52, 8),
        (67, 8),
        (112, 8),
        (114, 8),
        (117, 8),
        (129, 8),
        (135, 8),
        (158, 8),
        (190, 8),
        (196, 8),
        (218, 8),
        (227, 8),
        (241, 8),
        (255, 8),
        (260, 8),
        (271, 8),
        (272, 8),
        (283, 8),
        (289, 8),
        (293, 8),
        (295, 8),
        (298, 8),
        (312, 8),
        (327, 8),
        (341, 8),
        (345, 8),
        (349, 8),
        (365, 8),
        (382, 8),
        (385, 8),
        (393, 8),
        (402, 8),
        (410, 8),
        (414, 8),
        (432, 8),
        (6, 9),
        (15, 9),
        (21, 9),
        (26, 9),
        (80, 9),
        (81, 9),
        (86, 9),
        (94, 9),
        (120, 9),
        (131, 9),
        (132, 9),
        (139, 9),
        (149, 9),
        (169, 9),
        (176, 9),
        (180, 9),
        (225, 9),
        (229, 9),
        (231, 9),
        (235, 9),
        (242, 9),
        (247, 9),
        (257, 9),
        (270, 9),
        (276, 9),
        (277, 9),
        (286, 9),
        (300, 9),
        (304, 9),
        (321, 9),
        (335, 9),
        (343, 9),
        (360, 9),
        (362, 9),
        (373, 9),
        (395, 9),
        (416, 9),
        (418, 9),
        (421, 9),
        (17, 10),
        (30, 10),
        (36, 10),
        (49, 10),
        (51, 10),
        (59, 10),
        (74, 10),
        (87, 10),
        (98, 10),
        (104, 10),
        (130, 10),
        (136, 10),
        (142, 10),
        (161, 10),
        (165, 10),
        (170, 10),
        (187, 10),
        (192, 10),
        (201, 10),
        (202, 10),
        (205, 10),
        (208, 10),
        (216, 10),
        (233, 10),
        (243, 10),
        (248, 10),
        (256, 10),
        (258, 10),
        (263, 10),
        (288, 10),
        (302, 10),
        (320, 10),
        (329, 10),
        (350, 10),
        (355, 10),
        (361, 10),
        (366, 10),
        (368, 10),
        (371, 10),
        (384, 10),
        (389, 10),
        (391, 10),
        (404, 10),
        (407, 10),
        (413, 10),
        (13, 11),
        (16, 11),
        (20, 11),
        (29, 11),
        (33, 11),
        (38, 11),
        (40, 11),
        (42, 11),
        (60, 11),
        (66, 11),
        (68, 11),
        (69, 11),
        (73, 11),
        (89, 11),
        (101, 11),
        (107, 11),
        (110, 11),
        (138, 11),
        (145, 11),
        (162, 11),
        (164, 11),
        (173, 11),
        (177, 11),
        (182, 11),
        (184, 11),
        (195, 11),
        (217, 11),
        (279, 11),
        (280, 11),
        (285, 11),
        (291, 11),
        (294, 11),
        (296, 11),
        (311, 11),
        (314, 11),
        (337, 11),
        (339, 11),
        (344, 11),
        (351, 11),
        (364, 11),
        (408, 11),
        (417, 11),
        (422, 11),
        (429, 11),
        (431, 11),
        (2, 12),
        (3, 12),
        (5, 12),
        (10, 12),
        (24, 12),
        (43, 12),
        (56, 12),
        (58, 12),
        (63, 12),
        (70, 12),
        (72, 12),
        (85, 12),
        (105, 12),
        (106, 12),
        (108, 12),
        (123, 12),
        (127, 12),
        (141, 12),
        (166, 12),
        (167, 12),
        (168, 12),
        (181, 12),
        (185, 12),
        (207, 12),
        (211, 12),
        (219, 12),
        (224, 12),
        (237, 12),
        (238, 12),
        (245, 12),
        (261, 12),
        (262, 12),
        (267, 12),
        (274, 12),
        (281, 12),
        (324, 12),
        (325, 12),
        (342, 12),
        (348, 12),
        (353, 12),
        (363, 12),
        (375, 12),
        (380, 12),
        (388, 12),
        (390, 12),
        (405, 12),
        (420, 12),
        (424, 12),
        (1, 13),
        (2, 13),
        (23, 13),
        (41, 13),
        (57, 13),
        (61, 13),
        (62, 13),
        (64, 13),
        (78, 13),
        (96, 13),
        (125, 13),
        (133, 13),
        (134, 13),
        (137, 13),
        (153, 13),
        (154, 13),
        (155, 13),
        (160, 13),
        (163, 13),
        (193, 13),
        (198, 13),
        (200, 13),
        (206, 13),
        (209, 13),
        (220, 13),
        (222, 13),
        (226, 13),
        (232, 13),
        (234, 13),
        (236, 13),
        (239, 13),
        (253, 13),
        (259, 13),
        (264, 13),
        (266, 13),
        (268, 13),
        (284, 13),
        (292, 13),
        (297, 13),
        (310, 13),
        (319, 13),
        (323, 13),
        (331, 13),
        (332, 13),
        (336, 13),
        (358, 13),
        (372, 13),
        (377, 13),
        (381, 13),
        (383, 13),
        (394, 13),
        (398, 13),
        (400, 13),
        (403, 13),
        (423, 13),
        (428, 13),
        (430, 13);

INSERT INTO Review(ReviewId, BookId, UserId, Comment, Rating, ReviewDate)
VALUES (1, 1, 2, 'Truyen hay', 4, '2020-12-15'),
       (2, 1, 5, 'Truyen hay', 4, '2020-12-15'),
       (3, 2, 2, 'Truyen hay', 4, '2020-12-15'),
       (4, 2, 5, 'Truyen hay', 4, '2020-12-15'),
       (5, 3, 2, 'Truyen hay', 4, '2020-12-15'),
       (6, 3, 5, 'Truyen hay', 4, '2020-12-15'),
       (7, 4, 2, 'Truyen hay', 4, '2020-12-15'),
       (8, 4, 5, 'Truyen hay', 4, '2020-12-15'),
       (9, 5, 2, 'Truyen hay', 4, '2020-12-15'),
       (10, 5, 5, 'Truyen hay', 4, '2020-12-15'),
       (11, 6, 2, 'Truyen hay', 4, '2020-12-15'),
       (12, 6, 5, 'Truyen hay', 4, '2020-12-15'),
       (14, 7, 5, 'Truyen hay', 4, '2020-12-15'),
       (13, 7, 2, 'Truyen hay', 4, '2020-12-15'),
       (15, 8, 2, 'Truyen hay', 4, '2020-12-15'),
       (16, 8, 5, 'Truyen hay', 4, '2020-12-15'),
       (17, 9, 2, 'Truyen hay', 4, '2020-12-15'),
       (18, 9, 5, 'Truyen hay', 4, '2020-12-15');

INSERT INTO `order`(UserID, OrderDate, TotalPrice, Status, ShippingAddress, RecipientName, RecipientPhone)
VALUES (5, '2020-12-15 14:22:20', 155, 'Delivered', 'Quang Nam', 'Vu Nguyen', '113'),
       (5, '2021-1-12 13:38:30', 465, 'Delivered', 'Quang Nam', 'Vu Nguyen', '113');

INSERT INTO orderdetail(OrderID, BookID, Quantity)
VALUES (1, 1, 2),
       (1, 2, 3),
       (2, 1, 1),
       (2, 3, 2),
       (2, 5, 1);